time,trade_price,amt,long_pos,short_pos,balance,margin,trade_type,long_val,short_val
1496102400000.0,1262.7,5,5,0,999950,5000,buy_open,631350.0,0
1496102400000.0,1262.7,0,5,0,999950.0,5000,settle,631350.0,-0.0
1496188800000.0,1266.2,5,10,0,999900.0,10000,buy_open,1264450.0,-0.0
1496188800000.0,1266.2,0,10,0,1001650.0,10000,settle,1266200.0,-0.0
1496275200000.0,1264.85,10,0,0,1001650.0,0,sell_close,1350.0,-0.0
1496275200000.0,1264.85,5,0,5,1001600.0,5000,sell_open,1350.0,-632425.0
1496275200000.0,1264.85,0,0,5,1000250.0,5000,settle,0.0,-632425.0
1496361600000.0,1274.95,5,0,10,1000200.0,10000,sell_open,0.0,-1269900.0
1496361600000.0,1274.95,0,0,10,1005250.0,10000,settle,0.0,-1274950.0
1496620800000.0,1279.95,5,0,15,1005200.0,15000,sell_open,0.0,-1914925.0
1496620800000.0,1279.95,0,0,15,1010200.0,15000,settle,0.0,-1919925.0
1496707200000.0,1293.5,5,0,20,1010150.0,20000,sell_open,0.0,-2566675.0
1496707200000.0,1293.5,0,0,20,1030475.0,20000,settle,0.0,-2587000.0
1496793600000.0,1291.0,20,0,0,1030475.0,0,buy_close,0.0,-5000.0
1496793600000.0,1291.0,5,5,0,1030425.0,5000,buy_open,645500.0,-5000.0
1496793600000.0,1291.0,0,5,0,1025425.0,5000,settle,645500.0,-0.0
1496880000000.0,1273.1,5,10,0,1025375.0,10000,buy_open,1282050.0,-0.0
1496880000000.0,1273.1,0,10,0,1016425.0,10000,settle,1273100.0,-0.0
1496966400000.0,1266.55,10,0,0,1016425.0,0,sell_close,6550.0,-0.0
1496966400000.0,1266.55,5,0,5,1016375.0,5000,sell_open,6550.0,-633275.0
1496966400000.0,1266.55,0,0,5,1009825.0,5000,settle,0.0,-633275.0
1497225600000.0,1266.4,5,0,0,1009825.0,0,buy_close,0.0,-75.0
1497225600000.0,1266.4,5,5,0,1009775.0,5000,buy_open,633200.0,-75.0
1497225600000.0,1266.4,0,5,0,1009700.0,5000,settle,633200.0,-0.0
1497312000000.0,1262.0,5,10,0,1009650.0,10000,buy_open,1264200.0,-0.0
1497312000000.0,1262.0,0,10,0,1007450.0,10000,settle,1262000.0,-0.0
1497398400000.0,1275.5,5,15,0,1007400.0,15000,buy_open,1899750.0,-0.0
1497398400000.0,1275.5,0,15,0,1020900.0,15000,settle,1913250.0,-0.0
1497484800000.0,1254.55,5,20,0,1020850.0,20000,buy_open,2540525.0,-0.0
1497484800000.0,1254.55,0,20,0,989425.0,20000,settle,2509100.0,-0.0
1497571200000.0,1255.4,20,0,0,989425.0,0,sell_close,-1700.0,-0.0
1497571200000.0,1255.4,5,0,5,989375.0,5000,sell_open,-1700.0,-627700.0
1497571200000.0,1255.4,0,0,5,991075.0,5000,settle,0.0,-627700.0
1497830400000.0,1248.15,5,0,0,991075.0,0,buy_close,0.0,-3625.0
1497830400000.0,1248.15,5,5,0,991025.0,5000,buy_open,624075.0,-3625.0
1497830400000.0,1248.15,0,5,0,987400.0,5000,settle,624075.0,-0.0
1497916800000.0,1242.2,5,0,0,987400.0,0,sell_close,2975.0,-0.0
1497916800000.0,1242.2,5,0,5,987350.0,5000,sell_open,2975.0,-621100.0
1497916800000.0,1242.2,0,0,5,984375.0,5000,settle,0.0,-621100.0
1498003200000.0,1242.5,5,0,10,984325.0,10000,sell_open,0.0,-1242350.0
1498003200000.0,1242.5,0,0,10,984475.0,10000,settle,0.0,-1242500.0
1498089600000.0,1250.8,5,0,15,984425.0,15000,sell_open,0.0,-1867900.0
1498089600000.0,1250.8,0,0,15,992725.0,15000,settle,0.0,-1876200.0
1498176000000.0,1255.7,15,0,0,992725.0,0,buy_close,0.0,7350.0
1498176000000.0,1255.7,5,5,0,992675.0,5000,buy_open,627850.0,7350.0
1498176000000.0,1255.7,0,5,0,1000025.0,5000,settle,627850.0,-0.0
1498435200000.0,1245.25,5,10,0,999975.0,10000,buy_open,1250475.0,-0.0
1498435200000.0,1245.25,0,10,0,994750.0,10000,settle,1245250.0,-0.0
1498521600000.0,1249.55,10,0,0,994750.0,0,sell_close,-4300.0,-0.0
1498521600000.0,1249.55,5,0,5,994700.0,5000,sell_open,-4300.0,-624775.0
1498521600000.0,1249.55,0,0,5,999000.0,5000,settle,0.0,-624775.0
1498608000000.0,1248.0,5,0,0,999000.0,0,buy_close,0.0,-775.0
1498608000000.0,1248.0,5,5,0,998950.0,5000,buy_open,624000.0,-775.0
1498608000000.0,1248.0,0,5,0,998175.0,5000,settle,624000.0,-0.0
1498694400000.0,1243.5,5,0,0,998175.0,0,sell_close,2250.0,-0.0
1498694400000.0,1243.5,5,0,5,998125.0,5000,sell_open,2250.0,-621750.0
1498694400000.0,1243.5,0,0,5,995875.0,5000,settle,0.0,-621750.0
1498780800000.0,1242.25,5,0,0,995875.0,0,buy_close,0.0,-625.0
1498780800000.0,1242.25,5,5,0,995825.0,5000,buy_open,621125.0,-625.0
1498780800000.0,1242.25,0,5,0,995200.0,5000,settle,621125.0,-0.0
1499040000000.0,1229.25,5,10,0,995150.0,10000,buy_open,1235750.0,-0.0
1499040000000.0,1229.25,0,10,0,988650.0,10000,settle,1229250.0,-0.0
1499126400000.0,1223.75,5,15,0,988600.0,15000,buy_open,1841125.0,-0.0
1499126400000.0,1223.75,0,15,0,983100.0,15000,settle,1835625.0,-0.0
1499212800000.0,1220.3,15,0,0,983100.0,0,sell_close,5175.0,-0.0
1499212800000.0,1220.3,5,0,5,983050.0,5000,sell_open,5175.0,-610150.0
1499212800000.0,1220.3,0,0,5,977875.0,5000,settle,0.0,-610150.0
1499299200000.0,1224.9,5,0,10,977825.0,10000,sell_open,0.0,-1222600.0
1499299200000.0,1224.9,0,0,10,980125.0,10000,settle,0.0,-1224900.0
1499385600000.0,1215.65,10,0,0,980125.0,0,buy_close,0.0,-9250.0
1499385600000.0,1215.65,5,5,0,980075.0,5000,buy_open,607825.0,-9250.0
1499385600000.0,1215.65,0,5,0,970825.0,5000,settle,607825.0,-0.0
1499644800000.0,1211.9,5,0,0,970825.0,0,sell_close,1875.0,-0.0
1499644800000.0,1211.9,5,0,5,970775.0,5000,sell_open,1875.0,-605950.0
1499644800000.0,1211.9,0,0,5,968900.0,5000,settle,0.0,-605950.0
1499731200000.0,1211.05,5,0,10,968850.0,10000,sell_open,0.0,-1211475.0
1499731200000.0,1211.05,0,0,10,968425.0,10000,settle,0.0,-1211050.0
1499817600000.0,1218.8,5,0,15,968375.0,15000,sell_open,0.0,-1820450.0
1499817600000.0,1218.8,0,0,15,976125.0,15000,settle,0.0,-1828200.0
1499904000000.0,1218.9,5,0,20,976075.0,20000,sell_open,0.0,-2437650.0
1499904000000.0,1218.9,0,0,20,976225.0,20000,settle,0.0,-2437800.0
1499990400000.0,1230.3,5,0,25,976175.0,25000,sell_open,0.0,-3052950.0
1499990400000.0,1230.3,0,0,25,998975.0,25000,settle,0.0,-3075750.0
1500249600000.0,1234.1,5,0,30,998925.0,30000,sell_open,0.0,-3692800.0
1500249600000.0,1234.1,0,0,30,1008425.0,30000,settle,0.0,-3702300.0
1500336000000.0,1240.75,5,0,35,1008375.0,35000,sell_open,0.0,-4322675.0
1500336000000.0,1240.75,0,0,35,1028325.0,35000,settle,0.0,-4342625.0
1500422400000.0,1242.15,5,0,40,1028275.0,40000,sell_open,0.0,-4963700.0
1500422400000.0,1242.15,0,0,40,1033175.0,40000,settle,0.0,-4968600.0
1500508800000.0,1238.7,5,0,45,1033125.0,45000,sell_open,0.0,-5587950.0
1500508800000.0,1238.7,0,0,45,1019325.0,45000,settle,0.0,-5574150.0
1500595200000.0,1248.55,5,0,50,1019275.0,50000,sell_open,0.0,-6198425.0
1500595200000.0,1248.55,0,0,50,1063600.0,50000,settle,0.0,-6242750.0
1500854400000.0,1255.55,5,0,55,1063550.0,55000,sell_open,0.0,-6870525.0
1500854400000.0,1255.55,0,0,55,1098550.0,55000,settle,0.0,-6905525.0
1500940800000.0,1254.4,5,0,60,1098500.0,60000,sell_open,0.0,-7532725.0
1500940800000.0,1254.4,0,0,60,1092175.0,60000,settle,0.0,-7526400.0
1501027200000.0,1248.1,60,0,0,1092175.0,0,buy_close,0.0,-37800.0
1501027200000.0,1248.1,5,5,0,1092125.0,5000,buy_open,624050.0,-37800.0
1501027200000.0,1248.1,0,5,0,1054325.0,5000,settle,624050.0,-0.0
1501113600000.0,1261.1,5,0,0,1054325.0,0,sell_close,-6500.0,-0.0
1501113600000.0,1261.1,5,0,5,1054275.0,5000,sell_open,-6500.0,-630550.0
1501113600000.0,1261.1,0,0,5,1060775.0,5000,settle,0.0,-630550.0
1501200000000.0,1264.9,5,0,10,1060725.0,10000,sell_open,0.0,-1263000.0
1501200000000.0,1264.9,0,0,10,1062625.0,10000,settle,0.0,-1264900.0
1501459200000.0,1267.55,5,0,15,1062575.0,15000,sell_open,0.0,-1898675.0
1501459200000.0,1267.55,0,0,15,1065225.0,15000,settle,0.0,-1901325.0
1501545600000.0,1270.95,5,0,20,1065175.0,20000,sell_open,0.0,-2536800.0
1501545600000.0,1270.95,0,0,20,1070275.0,20000,settle,0.0,-2541900.0
1501632000000.0,1269.6,20,0,0,1070275.0,0,buy_close,0.0,-2700.0
1501632000000.0,1269.6,5,5,0,1070225.0,5000,buy_open,634800.0,-2700.0
1501632000000.0,1269.6,0,5,0,1067525.0,5000,settle,634800.0,-0.0
1501718400000.0,1268.1,5,0,0,1067525.0,0,sell_close,750.0,-0.0
1501718400000.0,1268.1,5,0,5,1067475.0,5000,sell_open,750.0,-634050.0
1501718400000.0,1268.1,0,0,5,1066725.0,5000,settle,0.0,-634050.0
1501804800000.0,1257.7,5,0,10,1066675.0,10000,sell_open,0.0,-1262900.0
1501804800000.0,1257.7,0,0,10,1061475.0,10000,settle,0.0,-1257700.0
1502064000000.0,1258.0,5,0,15,1061425.0,15000,sell_open,0.0,-1886700.0
1502064000000.0,1258.0,0,0,15,1061725.0,15000,settle,0.0,-1887000.0
1502150400000.0,1261.8,5,0,20,1061675.0,20000,sell_open,0.0,-2517900.0
1502150400000.0,1261.8,0,0,20,1067375.0,20000,settle,0.0,-2523600.0
1502236800000.0,1271.05,5,0,25,1067325.0,25000,sell_open,0.0,-3159125.0
1502236800000.0,1271.05,0,0,25,1085825.0,25000,settle,0.0,-3177625.0
1502323200000.0,1284.4,5,0,30,1085775.0,30000,sell_open,0.0,-3819825.0
1502323200000.0,1284.4,0,0,30,1119150.0,30000,settle,0.0,-3853200.0
1502409600000.0,1286.1,5,0,35,1119100.0,35000,sell_open,0.0,-4496250.0
1502409600000.0,1286.1,0,0,35,1124200.0,35000,settle,0.0,-4501350.0
1502668800000.0,1282.3,35,0,0,1124200.0,0,buy_close,0.0,-13300.0
1502668800000.0,1282.3,5,5,0,1124150.0,5000,buy_open,641150.0,-13300.0
1502668800000.0,1282.3,0,5,0,1110850.0,5000,settle,641150.0,-0.0
1502755200000.0,1270.3,5,10,0,1110800.0,10000,buy_open,1276300.0,-0.0
1502755200000.0,1270.3,0,10,0,1104800.0,10000,settle,1270300.0,-0.0
1502841600000.0,1272.75,10,0,0,1104800.0,0,sell_close,-2450.0,-0.0
1502841600000.0,1272.75,5,0,5,1104750.0,5000,sell_open,-2450.0,-636375.0
1502841600000.0,1272.75,0,0,5,1107200.0,5000,settle,0.0,-636375.0
1502928000000.0,1285.15,5,0,10,1107150.0,10000,sell_open,0.0,-1278950.0
1502928000000.0,1285.15,0,0,10,1113350.0,10000,settle,0.0,-1285150.0
1503014400000.0,1295.8,5,0,15,1113300.0,15000,sell_open,0.0,-1933050.0
1503014400000.0,1295.8,0,0,15,1123950.0,15000,settle,0.0,-1943700.0
1503273600000.0,1292.9,15,0,0,1123950.0,0,buy_close,0.0,-4350.0
1503273600000.0,1292.9,5,5,0,1123900.0,5000,buy_open,646450.0,-4350.0
1503273600000.0,1292.9,0,5,0,1119550.0,5000,settle,646450.0,-0.0
1503360000000.0,1284.2,5,10,0,1119500.0,10000,buy_open,1288550.0,-0.0
1503360000000.0,1284.2,0,10,0,1115150.0,10000,settle,1284200.0,-0.0
1503446400000.0,1286.65,10,0,0,1115150.0,0,sell_close,-2450.0,-0.0
1503446400000.0,1286.65,5,0,5,1115100.0,5000,sell_open,-2450.0,-643325.0
1503446400000.0,1286.65,0,0,5,1117550.0,5000,settle,0.0,-643325.0
1503532800000.0,1289.0,5,0,10,1117500.0,10000,sell_open,0.0,-1287825.0
1503532800000.0,1289.0,0,0,10,1118675.0,10000,settle,0.0,-1289000.0
1503619200000.0,1285.3,5,0,15,1118625.0,15000,sell_open,0.0,-1931650.0
1503619200000.0,1285.3,0,0,15,1114925.0,15000,settle,0.0,-1927950.0
1503878400000.0,1285.3,15,0,0,1114925.0,0,buy_close,0.0,0.0
1503878400000.0,1285.3,5,5,0,1114875.0,5000,buy_open,642650.0,0.0
1503878400000.0,1285.3,0,5,0,1114875.0,5000,settle,642650.0,-0.0
1503964800000.0,1318.65,5,0,0,1114875.0,0,sell_close,-16675.0,-0.0
1503964800000.0,1318.65,5,0,5,1114825.0,5000,sell_open,-16675.0,-659325.0
1503964800000.0,1318.65,0,0,5,1131500.0,5000,settle,0.0,-659325.0
1504051200000.0,1308.5,5,0,0,1131500.0,0,buy_close,0.0,-5075.0
1504051200000.0,1308.5,5,5,0,1131450.0,5000,buy_open,654250.0,-5075.0
1504051200000.0,1308.5,0,5,0,1126375.0,5000,settle,654250.0,-0.0
1504137600000.0,1311.75,5,0,0,1126375.0,0,sell_close,-1625.0,-0.0
1504137600000.0,1311.75,5,0,5,1126325.0,5000,sell_open,-1625.0,-655875.0
1504137600000.0,1311.75,0,0,5,1127950.0,5000,settle,0.0,-655875.0
1504224000000.0,1320.4,5,0,10,1127900.0,10000,sell_open,0.0,-1316075.0
1504224000000.0,1320.4,0,0,10,1132225.0,10000,settle,0.0,-1320400.0
1504483200000.0,1333.1,5,0,15,1132175.0,15000,sell_open,0.0,-1986950.0
1504483200000.0,1333.1,0,0,15,1144875.0,15000,settle,0.0,-1999650.0
1504569600000.0,1335.55,5,0,20,1144825.0,20000,sell_open,0.0,-2667425.0
1504569600000.0,1335.55,0,0,20,1148500.0,20000,settle,0.0,-2671100.0
1504656000000.0,1337.85,5,0,25,1148450.0,25000,sell_open,0.0,-3340025.0
1504656000000.0,1337.85,0,0,25,1153050.0,25000,settle,0.0,-3344625.0
1504742400000.0,1343.5,5,0,30,1153000.0,30000,sell_open,0.0,-4016375.0
1504742400000.0,1343.5,0,0,30,1167125.0,30000,settle,0.0,-4030500.0
1504828800000.0,1346.25,5,0,35,1167075.0,35000,sell_open,0.0,-4703625.0
1504828800000.0,1346.25,0,0,35,1175325.0,35000,settle,0.0,-4711875.0
1505088000000.0,1334.2,5,0,40,1175275.0,40000,sell_open,0.0,-5378975.0
1505088000000.0,1334.2,0,0,40,1133100.0,40000,settle,0.0,-5336800.0
1505174400000.0,1326.5,40,0,0,1133100.0,0,buy_close,0.0,-30800.0
1505174400000.0,1326.5,5,5,0,1133050.0,5000,buy_open,663250.0,-30800.0
1505174400000.0,1326.5,0,5,0,1102250.0,5000,settle,663250.0,-0.0
1505260800000.0,1327.55,5,0,0,1102250.0,0,sell_close,-525.0,-0.0
1505260800000.0,1327.55,5,0,5,1102200.0,5000,sell_open,-525.0,-663775.0
1505260800000.0,1327.55,0,0,5,1102725.0,5000,settle,0.0,-663775.0
1505347200000.0,1324.55,5,0,0,1102725.0,0,buy_close,0.0,-1500.0
1505347200000.0,1324.55,5,5,0,1102675.0,5000,buy_open,662275.0,-1500.0
1505347200000.0,1324.55,0,5,0,1101175.0,5000,settle,662275.0,-0.0
1505433600000.0,1322.85,5,0,0,1101175.0,0,sell_close,850.0,-0.0
1505433600000.0,1322.85,5,0,5,1101125.0,5000,sell_open,850.0,-661425.0
1505433600000.0,1322.85,0,0,5,1100275.0,5000,settle,0.0,-661425.0
1505692800000.0,1312.1,5,0,0,1100275.0,0,buy_close,0.0,-5375.0
1505692800000.0,1312.1,5,5,0,1100225.0,5000,buy_open,656050.0,-5375.0
1505692800000.0,1312.1,0,5,0,1094850.0,5000,settle,656050.0,-0.0
1505779200000.0,1309.6,5,0,0,1094850.0,0,sell_close,1250.0,-0.0
1505779200000.0,1309.6,5,0,5,1094800.0,5000,sell_open,1250.0,-654800.0
1505779200000.0,1309.6,0,0,5,1093550.0,5000,settle,0.0,-654800.0
1505865600000.0,1311.3,5,0,10,1093500.0,10000,sell_open,0.0,-1310450.0
1505865600000.0,1311.3,0,0,10,1094350.0,10000,settle,0.0,-1311300.0
1505952000000.0,1292.1,10,0,0,1094350.0,0,buy_close,0.0,-19200.0
1505952000000.0,1292.1,5,5,0,1094300.0,5000,buy_open,646050.0,-19200.0
1505952000000.0,1292.1,0,5,0,1075100.0,5000,settle,646050.0,-0.0
1506038400000.0,1294.8,5,0,0,1075100.0,0,sell_close,-1350.0,-0.0
1506038400000.0,1294.8,5,0,5,1075050.0,5000,sell_open,-1350.0,-647400.0
1506038400000.0,1294.8,0,0,5,1076400.0,5000,settle,0.0,-647400.0
1506297600000.0,1293.3,5,0,10,1076350.0,10000,sell_open,0.0,-1294050.0
1506297600000.0,1293.3,0,0,10,1075600.0,10000,settle,0.0,-1293300.0
1506384000000.0,1300.05,5,0,15,1075550.0,15000,sell_open,0.0,-1943325.0
1506384000000.0,1300.05,0,0,15,1082300.0,15000,settle,0.0,-1950075.0
1506470400000.0,1282.55,15,0,0,1082300.0,0,buy_close,0.0,-26250.0
1506470400000.0,1282.55,5,5,0,1082250.0,5000,buy_open,641275.0,-26250.0
1506470400000.0,1282.55,0,5,0,1056000.0,5000,settle,641275.0,-0.0
1506556800000.0,1283.35,5,0,0,1056000.0,0,sell_close,-400.0,-0.0
1506556800000.0,1283.35,5,0,5,1055950.0,5000,sell_open,-400.0,-641675.0
1506556800000.0,1283.35,0,0,5,1056350.0,5000,settle,0.0,-641675.0
1506643200000.0,1283.1,5,0,10,1056300.0,10000,sell_open,0.0,-1283225.0
1506643200000.0,1283.1,0,0,10,1056175.0,10000,settle,0.0,-1283100.0
1506902400000.0,1273.7,5,0,15,1056125.0,15000,sell_open,0.0,-1919950.0
1506902400000.0,1273.7,0,0,15,1046725.0,15000,settle,0.0,-1910550.0
1506988800000.0,1271.25,15,0,0,1046725.0,0,buy_close,0.0,-3675.0
1506988800000.0,1271.25,5,5,0,1046675.0,5000,buy_open,635625.0,-3675.0
1506988800000.0,1271.25,0,5,0,1043000.0,5000,settle,635625.0,-0.0
1507075200000.0,1274.25,5,0,0,1043000.0,0,sell_close,-1500.0,-0.0
1507075200000.0,1274.25,5,0,5,1042950.0,5000,sell_open,-1500.0,-637125.0
1507075200000.0,1274.25,0,0,5,1044450.0,5000,settle,0.0,-637125.0
1507161600000.0,1274.5,5,0,10,1044400.0,10000,sell_open,0.0,-1274375.0
1507161600000.0,1274.5,0,0,10,1044525.0,10000,settle,0.0,-1274500.0
1507248000000.0,1261.8,5,0,15,1044475.0,15000,sell_open,0.0,-1905400.0
1507248000000.0,1261.8,0,0,15,1031775.0,15000,settle,0.0,-1892700.0
1507507200000.0,1278.75,5,0,20,1031725.0,20000,sell_open,0.0,-2532075.0
1507507200000.0,1278.75,0,0,20,1057150.0,20000,settle,0.0,-2557500.0
1507593600000.0,1291.4,5,0,25,1057100.0,25000,sell_open,0.0,-3203200.0
1507593600000.0,1291.4,0,0,25,1082400.0000000005,25000,settle,0.0,-3228500.0000000005
1507680000000.0,1289.25,25,0,0,1082400.0000000005,0,buy_close,0.0,-5375.000000000466
1507680000000.0,1289.25,5,5,0,1082350.0000000005,5000,buy_open,644625.0,-5375.000000000466
1507680000000.0,1289.25,0,5,0,1076975.0,5000,settle,644625.0,-0.0
1507766400000.0,1290.25,5,0,0,1076975.0,0,sell_close,-500.0,-0.0
1507766400000.0,1290.25,5,0,5,1076925.0,5000,sell_open,-500.0,-645125.0
1507766400000.0,1290.25,0,0,5,1077425.0,5000,settle,0.0,-645125.0
1507852800000.0,1299.6,5,0,10,1077375.0,10000,sell_open,0.0,-1294925.0
1507852800000.0,1299.6,0,0,10,1082050.0,10000,settle,0.0,-1299600.0
1508112000000.0,1303.3,5,0,15,1082000.0,15000,sell_open,0.0,-1951250.0
1508112000000.0,1303.3,0,0,15,1085700.0,15000,settle,0.0,-1954950.0
1508198400000.0,1284.75,5,0,20,1085650.0,20000,sell_open,0.0,-2597325.0
1508198400000.0,1284.75,0,0,20,1057825.0,20000,settle,0.0,-2569500.0
1508284800000.0,1280.2,5,0,25,1057775.0,25000,sell_open,0.0,-3209600.0
1508284800000.0,1280.2,0,0,25,1048675.0,25000,settle,0.0,-3200500.0
1508371200000.0,1286.4,5,0,30,1048625.0,30000,sell_open,0.0,-3843700.0
1508371200000.0,1286.4,0,0,30,1064125.0,30000,settle,0.0,-3859200.0
1508457600000.0,1281.2,5,0,35,1064075.0,35000,sell_open,0.0,-4499800.0
1508457600000.0,1281.2,0,0,35,1048475.0,35000,settle,0.0,-4484200.0
1508716800000.0,1274.9,35,0,0,1048475.0,0,buy_close,0.0,-22050.0
1508716800000.0,1274.9,5,5,0,1048425.0,5000,buy_open,637450.0,-22050.0
1508716800000.0,1274.9,0,5,0,1026375.0,5000,settle,637450.0,-0.0
1508803200000.0,1276.45,5,0,0,1026375.0,0,sell_close,-775.0,-0.0
1508803200000.0,1276.45,5,0,5,1026325.0,5000,sell_open,-775.0,-638225.0
1508803200000.0,1276.45,0,0,5,1027100.0,5000,settle,0.0,-638225.0
1508889600000.0,1275.0,5,0,10,1027050.0,10000,sell_open,0.0,-1275725.0
1508889600000.0,1275.0,0,0,10,1026325.0,10000,settle,0.0,-1275000.0
1508976000000.0,1273.75,10,0,0,1026325.0,0,buy_close,0.0,-1250.0
1508976000000.0,1273.75,5,5,0,1026275.0,5000,buy_open,636875.0,-1250.0
1508976000000.0,1273.75,0,5,0,1025025.0,5000,settle,636875.0,-0.0
1509062400000.0,1266.45,5,0,0,1025025.0,0,sell_close,3650.0,-0.0
1509062400000.0,1266.45,5,0,5,1024975.0,5000,sell_open,3650.0,-633225.0
1509062400000.0,1266.45,0,0,5,1021325.0,5000,settle,0.0,-633225.0
1509321600000.0,1272.0,5,0,10,1021275.0,10000,sell_open,0.0,-1269225.0
1509321600000.0,1272.0,0,0,10,1024050.0,10000,settle,0.0,-1272000.0
1509408000000.0,1270.15,5,0,15,1024000.0,15000,sell_open,0.0,-1907075.0
1509408000000.0,1270.15,0,0,15,1022150.0,15000,settle,0.0,-1905225.0
1509494400000.0,1277.05,5,0,20,1022100.0,20000,sell_open,0.0,-2543750.0
1509494400000.0,1277.05,0,0,20,1032450.0,20000,settle,0.0,-2554100.0
1509580800000.0,1279.2,5,0,25,1032400.0,25000,sell_open,0.0,-3193700.0
1509580800000.0,1279.2,0,0,25,1036700.0,25000,settle,0.0,-3198000.0
1509667200000.0,1267.2,25,0,0,1036700.0,0,buy_close,0.0,-30000.0
1509667200000.0,1267.2,5,5,0,1036650.0,5000,buy_open,633600.0,-30000.0
1509667200000.0,1267.2,0,5,0,1006650.0,5000,settle,633600.0,-0.0
1509926400000.0,1270.9,5,0,0,1006650.0,0,sell_close,-1850.0,-0.0
1509926400000.0,1270.9,5,0,5,1006600.0,5000,sell_open,-1850.0,-635450.0
1509926400000.0,1270.9,0,0,5,1008450.0,5000,settle,0.0,-635450.0
1510012800000.0,1275.6,5,0,10,1008400.0,10000,sell_open,0.0,-1273250.0
1510012800000.0,1275.6,0,0,10,1010750.0,10000,settle,0.0,-1275600.0
1510099200000.0,1284.0,5,0,15,1010700.0,15000,sell_open,0.0,-1917600.0
1510099200000.0,1284.0,0,0,15,1019100.0,15000,settle,0.0,-1926000.0
1510185600000.0,1284.8,5,0,20,1019050.0,20000,sell_open,0.0,-2568400.0
1510185600000.0,1284.8,0,0,20,1020250.0,20000,settle,0.0,-2569600.0
1510272000000.0,1284.3,20,0,0,1020250.0,0,buy_close,0.0,-1000.0
1510272000000.0,1284.3,5,5,0,1020200.0,5000,buy_open,642150.0,-1000.0
1510272000000.0,1284.3,0,5,0,1019200.0,5000,settle,642150.0,-0.0
1510531200000.0,1277.95,5,10,0,1019150.0,10000,buy_open,1281125.0,-0.0
1510531200000.0,1277.95,0,10,0,1015975.0,10000,settle,1277950.0,-0.0
1510617600000.0,1274.6,10,0,0,1015975.0,0,sell_close,3350.0,-0.0
1510617600000.0,1274.6,5,0,5,1015925.0,5000,sell_open,3350.0,-637300.0
1510617600000.0,1274.6,0,0,5,1012575.0,5000,settle,0.0,-637300.0
1510704000000.0,1282.2,5,0,10,1012525.0,10000,sell_open,0.0,-1278400.0
1510704000000.0,1282.2,0,0,10,1016325.0,10000,settle,0.0,-1282200.0
1510790400000.0,1280.0,5,0,15,1016275.0,15000,sell_open,0.0,-1922200.0
1510790400000.0,1280.0,0,0,15,1014075.0,15000,settle,0.0,-1920000.0
1510876800000.0,1284.35,5,0,20,1014025.0,20000,sell_open,0.0,-2562175.0
1510876800000.0,1284.35,0,0,20,1020550.0,20000,settle,0.0,-2568700.0
1511136000000.0,1286.2,20,0,0,1020550.0,0,buy_close,0.0,3700.0
1511136000000.0,1286.2,5,5,0,1020500.0,5000,buy_open,643100.0,3700.0
1511136000000.0,1286.2,0,5,0,1024200.0,5000,settle,643100.0,-0.0
1511222400000.0,1283.3,5,10,0,1024150.0,10000,buy_open,1284750.0,-0.0
1511222400000.0,1283.3,0,10,0,1022700.0,10000,settle,1283300.0,-0.0
1511308800000.0,1286.95,10,0,0,1022700.0,0,sell_close,-3650.0,-0.0
1511308800000.0,1286.95,5,0,5,1022650.0,5000,sell_open,-3650.0,-643475.0
1511308800000.0,1286.95,0,0,5,1026300.0,5000,settle,0.0,-643475.0
1511395200000.0,1290.35,5,0,10,1026250.0,10000,sell_open,0.0,-1288650.0
1511395200000.0,1290.35,0,0,10,1027950.0,10000,settle,0.0,-1290350.0
1511481600000.0,1290.5,10,0,0,1027950.0,0,buy_close,0.0,150.0
1511481600000.0,1290.5,5,5,0,1027900.0,5000,buy_open,645250.0,150.0
1511481600000.0,1290.5,0,5,0,1028050.0,5000,settle,645250.0,-0.0
1511740800000.0,1294.9,5,0,0,1028050.0,0,sell_close,-2200.0,-0.0
1511740800000.0,1294.9,5,0,5,1028000.0,5000,sell_open,-2200.0,-647450.0
1511740800000.0,1294.9,0,0,5,1030200.0,5000,settle,0.0,-647450.0
1511827200000.0,1291.85,5,0,10,1030150.0,10000,sell_open,0.0,-1293375.0
1511827200000.0,1291.85,0,0,10,1028625.0,10000,settle,0.0,-1291850.0
1511913600000.0,1283.85,10,0,0,1028625.0,0,buy_close,0.0,-8000.0
1511913600000.0,1283.85,5,5,0,1028575.0,5000,buy_open,641925.0,-8000.0
1511913600000.0,1283.85,0,5,0,1020575.0,5000,settle,641925.0,-0.0
1512000000000.0,1280.2,5,0,0,1020575.0,0,sell_close,1825.0,-0.0
1512000000000.0,1280.2,5,0,5,1020525.0,5000,sell_open,1825.0,-640100.0
1512000000000.0,1280.2,0,0,5,1018700.0,5000,settle,0.0,-640100.0
1512086400000.0,1275.5,5,0,0,1018700.0,0,buy_close,0.0,-2350.0
1512086400000.0,1275.5,5,5,0,1018650.0,5000,buy_open,637750.0,-2350.0
1512086400000.0,1275.5,0,5,0,1016300.0,5000,settle,637750.0,-0.0
1512345600000.0,1273.45,5,10,0,1016250.0,10000,buy_open,1274475.0,-0.0
1512345600000.0,1273.45,0,10,0,1015225.0,10000,settle,1273450.0,-0.0
1512432000000.0,1266.3,10,0,0,1015225.0,0,sell_close,7150.0,-0.0
1512432000000.0,1266.3,5,0,5,1015175.0,5000,sell_open,7150.0,-633150.0
1512432000000.0,1266.3,0,0,5,1008025.0,5000,settle,0.0,-633150.0
1512518400000.0,1263.7,5,0,0,1008025.0,0,buy_close,0.0,-1300.0
1512518400000.0,1263.7,5,5,0,1007975.0,5000,buy_open,631850.0,-1300.0
1512518400000.0,1263.7,0,5,0,1006675.0,5000,settle,631850.0,-0.0
1512604800000.0,1255.0,5,10,0,1006625.0,10000,buy_open,1259350.0,-0.0
1512604800000.0,1255.0,0,10,0,1002275.0,10000,settle,1255000.0,-0.0
1512691200000.0,1250.65,5,15,0,1002225.0,15000,buy_open,1880325.0,-0.0
1512691200000.0,1250.65,0,15,0,997875.0,15000,settle,1875975.0,-0.0
1512950400000.0,1247.15,5,20,0,997825.0,20000,buy_open,2499550.0,-0.0
1512950400000.0,1247.15,0,20,0,992575.0,20000,settle,2494300.0,-0.0
1513036800000.0,1240.9,20,0,0,992575.0,0,sell_close,12500.0,-0.0
1513036800000.0,1240.9,5,0,5,992525.0,5000,sell_open,12500.0,-620450.0
1513036800000.0,1240.9,0,0,5,980025.0,5000,settle,0.0,-620450.0
1513123200000.0,1242.65,5,0,10,979975.0,10000,sell_open,0.0,-1241775.0
1513123200000.0,1242.65,0,0,10,980850.0,10000,settle,0.0,-1242650.0
1513209600000.0,1251.0,5,0,15,980800.0,15000,sell_open,0.0,-1868150.0
1513209600000.0,1251.0,0,0,15,989150.0,15000,settle,0.0,-1876500.0
1513296000000.0,1254.6,5,0,20,989100.0,20000,sell_open,0.0,-2503800.0
1513296000000.0,1254.6,0,0,20,994500.0,20000,settle,0.0,-2509200.0
1513555200000.0,1260.6,5,0,25,994450.0,25000,sell_open,0.0,-3139500.0
1513555200000.0,1260.6,0,0,25,1006449.9999999995,25000,settle,0.0,-3151499.9999999995
1513641600000.0,1260.35,5,0,30,1006399.9999999995,30000,sell_open,0.0,-3781674.9999999995
1513641600000.0,1260.35,0,0,30,1005775.0,30000,settle,0.0,-3781050.0
1513728000000.0,1264.55,5,0,35,1005725.0,35000,sell_open,0.0,-4413325.0
1513728000000.0,1264.55,0,0,35,1018325.0,35000,settle,0.0,-4425925.0
1513814400000.0,1264.55,5,0,40,1018275.0,40000,sell_open,0.0,-5058200.0
1513814400000.0,1264.55,0,0,40,1018275.0,40000,settle,0.0,-5058200.0
1513900800000.0,1264.55,5,0,45,1018225.0,45000,sell_open,0.0,-5690475.0
1513900800000.0,1264.55,0,0,45,1018225.0,45000,settle,0.0,-5690475.0
1514246400000.0,1264.55,45,0,0,1018225.0,0,buy_close,0.0,0.0
1514246400000.0,1264.55,5,5,0,1018175.0,5000,buy_open,632275.0,0.0
1514246400000.0,1264.55,0,5,0,1018175.0,5000,settle,632275.0,-0.0
1514332800000.0,1279.4,5,0,0,1018175.0,0,sell_close,-7425.0,-0.0
1514332800000.0,1279.4,5,0,5,1018125.0,5000,sell_open,-7425.0,-639700.0
1514332800000.0,1279.4,0,0,5,1025550.0,5000,settle,0.0,-639700.0
1514419200000.0,1291.0,5,0,10,1025500.0,10000,sell_open,0.0,-1285200.0
1514419200000.0,1291.0,0,0,10,1031300.0,10000,settle,0.0,-1291000.0
1514505600000.0,1291.0,10,0,0,1031300.0,0,buy_close,0.0,0.0
1514505600000.0,1291.0,5,5,0,1031250.0,5000,buy_open,645500.0,0.0
1514505600000.0,1291.0,0,5,0,1031250.0,5000,settle,645500.0,-0.0
1514851200000.0,1312.05,5,0,0,1031250.0,0,sell_close,-10525.0,-0.0
1514851200000.0,1312.05,5,0,5,1031200.0,5000,sell_open,-10525.0,-656025.0
1514851200000.0,1312.05,0,0,5,1041725.0,5000,settle,0.0,-656025.0
1514937600000.0,1314.9,5,0,0,1041725.0,0,buy_close,0.0,1425.0
1514937600000.0,1314.9,5,5,0,1041675.0,5000,buy_open,657450.0,1425.0
1514937600000.0,1314.9,0,5,0,1043100.0,5000,settle,657450.0,-0.0
1515024000000.0,1314.5,5,10,0,1043050.0,10000,buy_open,1314700.0,-0.0
1515024000000.0,1314.5,0,10,0,1042850.0,10000,settle,1314500.0,-0.0
1515110400000.0,1317.15,10,0,0,1042850.0,0,sell_close,-2650.0,-0.0
1515110400000.0,1317.15,5,0,5,1042800.0,5000,sell_open,-2650.0,-658575.0
1515110400000.0,1317.15,0,0,5,1045450.0,5000,settle,0.0,-658575.0
1515369600000.0,1319.95,5,0,10,1045400.0,10000,sell_open,0.0,-1318550.0
1515369600000.0,1319.95,0,0,10,1046800.0,10000,settle,0.0,-1319950.0
1515456000000.0,1311.0,10,0,0,1046800.0,0,buy_close,0.0,-8950.0
1515456000000.0,1311.0,5,5,0,1046750.0,5000,buy_open,655500.0,-8950.0
1515456000000.0,1311.0,0,5,0,1037800.0,5000,settle,655500.0,-0.0
1515542400000.0,1319.75,5,0,0,1037800.0,0,sell_close,-4375.0,-0.0
1515542400000.0,1319.75,5,0,5,1037750.0,5000,sell_open,-4375.0,-659875.0
1515542400000.0,1319.75,0,0,5,1042125.0,5000,settle,0.0,-659875.0
1515628800000.0,1323.05,5,0,10,1042075.0,10000,sell_open,0.0,-1321400.0
1515628800000.0,1323.05,0,0,10,1043725.0,10000,settle,0.0,-1323050.0
1515715200000.0,1326.8,5,0,15,1043675.0,15000,sell_open,0.0,-1986450.0
1515715200000.0,1326.8,0,0,15,1047425.0,15000,settle,0.0,-1990200.0
1515974400000.0,1339.25,5,0,20,1047375.0,20000,sell_open,0.0,-2659825.0
1515974400000.0,1339.25,0,0,20,1066050.0,20000,settle,0.0,-2678500.0
1516060800000.0,1333.85,20,0,0,1066050.0,0,buy_close,0.0,-10800.0
1516060800000.0,1333.85,5,5,0,1066000.0,5000,buy_open,666925.0,-10800.0
1516060800000.0,1333.85,0,5,0,1055200.0,5000,settle,666925.0,-0.0
1516147200000.0,1335.65,5,0,0,1055200.0,0,sell_close,-900.0,-0.0
1516147200000.0,1335.65,5,0,5,1055150.0,5000,sell_open,-900.0,-667825.0
1516147200000.0,1335.65,0,0,5,1056050.0,5000,settle,0.0,-667825.0
1516233600000.0,1332.2,5,0,10,1056000.0,10000,sell_open,0.0,-1333925.0
1516233600000.0,1332.2,0,0,10,1054275.0,10000,settle,0.0,-1332200.0
1516320000000.0,1334.95,5,0,15,1054225.0,15000,sell_open,0.0,-1999675.0
1516320000000.0,1334.95,0,0,15,1056975.0,15000,settle,0.0,-2002425.0
1516579200000.0,1332.6,5,0,20,1056925.0,20000,sell_open,0.0,-2668725.0
1516579200000.0,1332.6,0,0,20,1053400.0,20000,settle,0.0,-2665200.0
1516665600000.0,1333.4,5,0,25,1053350.0,25000,sell_open,0.0,-3331900.0
1516665600000.0,1333.4,0,0,25,1054950.0,25000,settle,0.0,-3333500.0
1516752000000.0,1353.7,5,0,30,1054900.0,30000,sell_open,0.0,-4010350.0
1516752000000.0,1353.7,0,0,30,1105650.0,30000,settle,0.0,-4061100.0
1516838400000.0,1354.95,5,0,35,1105600.0,35000,sell_open,0.0,-4738575.0
1516838400000.0,1354.95,0,0,35,1109350.0,35000,settle,0.0,-4742325.0
1516924800000.0,1353.15,35,0,0,1109350.0,0,buy_close,0.0,-6300.0
1516924800000.0,1353.15,5,5,0,1109300.0,5000,buy_open,676575.0,-6300.0
1516924800000.0,1353.15,0,5,0,1103000.0,5000,settle,676575.0,-0.0
1517184000000.0,1343.85,5,10,0,1102950.0,10000,buy_open,1348500.0,-0.0
1517184000000.0,1343.85,0,10,0,1098300.0,10000,settle,1343850.0,-0.0
1517270400000.0,1344.9,10,0,0,1098300.0,0,sell_close,-1050.0,-0.0
1517270400000.0,1344.9,5,0,5,1098250.0,5000,sell_open,-1050.0,-672450.0
1517270400000.0,1344.9,0,0,5,1099300.0,5000,settle,0.0,-672450.0
1517356800000.0,1345.05,5,0,10,1099250.0,10000,sell_open,0.0,-1344975.0
1517356800000.0,1345.05,0,0,10,1099325.0,10000,settle,0.0,-1345050.0
1517443200000.0,1341.35,10,0,0,1099325.0,0,buy_close,0.0,-3700.0
1517443200000.0,1341.35,5,5,0,1099275.0,5000,buy_open,670675.0,-3700.0
1517443200000.0,1341.35,0,5,0,1095575.0,5000,settle,670675.0,-0.0
1517529600000.0,1331.15,5,10,0,1095525.0,10000,buy_open,1336250.0,-0.0
1517529600000.0,1331.15,0,10,0,1090425.0,10000,settle,1331150.0,-0.0
1517788800000.0,1333.6,10,0,0,1090425.0,0,sell_close,-2450.0,-0.0
1517788800000.0,1333.6,5,0,5,1090375.0,5000,sell_open,-2450.0,-666800.0
1517788800000.0,1333.6,0,0,5,1092825.0,5000,settle,0.0,-666800.0
1517875200000.0,1331.4,5,0,10,1092775.0,10000,sell_open,0.0,-1332500.0
1517875200000.0,1331.4,0,0,10,1091675.0,10000,settle,0.0,-1331400.0
1517961600000.0,1324.65,10,0,0,1091675.0,0,buy_close,0.0,-6750.0
1517961600000.0,1324.65,5,5,0,1091625.0,5000,buy_open,662325.0,-6750.0
1517961600000.0,1324.65,0,5,0,1084875.0,5000,settle,662325.0,-0.0
1518048000000.0,1315.45,5,10,0,1084825.0,10000,buy_open,1320050.0,-0.0
1518048000000.0,1315.45,0,10,0,1080225.0,10000,settle,1315450.0,-0.0
1518134400000.0,1314.1,10,0,0,1080225.0,0,sell_close,1350.0,-0.0
1518134400000.0,1314.1,5,0,5,1080175.0,5000,sell_open,1350.0,-657050.0
1518134400000.0,1314.1,0,0,5,1078825.0,5000,settle,0.0,-657050.0
1518393600000.0,1322.3,5,0,10,1078775.0,10000,sell_open,0.0,-1318200.0
1518393600000.0,1322.3,0,0,10,1082875.0,10000,settle,0.0,-1322300.0
1518480000000.0,1325.35,5,0,15,1082825.0,15000,sell_open,0.0,-1984975.0
1518480000000.0,1325.35,0,0,15,1085875.0,15000,settle,0.0,-1988025.0
1518566400000.0,1336.25,5,0,20,1085825.0,20000,sell_open,0.0,-2656150.0
1518566400000.0,1336.25,0,0,20,1102175.0,20000,settle,0.0,-2672500.0
1518652800000.0,1352.45,5,0,25,1102125.0,25000,sell_open,0.0,-3348725.0
1518652800000.0,1352.45,0,0,25,1134525.0,25000,settle,0.0,-3381125.0
1518739200000.0,1352.1,25,0,0,1134525.0,0,buy_close,0.0,-875.0
1518739200000.0,1352.1,5,5,0,1134475.0,5000,buy_open,676050.0,-875.0
1518739200000.0,1352.1,0,5,0,1133600.0,5000,settle,676050.0,-0.0
1518998400000.0,1346.6,5,10,0,1133550.0,10000,buy_open,1349350.0,-0.0
1518998400000.0,1346.6,0,10,0,1130800.0,10000,settle,1346600.0,-0.0
1519084800000.0,1339.85,5,15,0,1130750.0,15000,buy_open,2016525.0,-0.0
1519084800000.0,1339.85,0,15,0,1124000.0,15000,settle,2009775.0,-0.0
1519171200000.0,1330.5,5,20,0,1123950.0,20000,buy_open,2675025.0,-0.0
1519171200000.0,1330.5,0,20,0,1109925.0,20000,settle,2661000.0,-0.0
1519257600000.0,1328.35,5,25,0,1109875.0,25000,buy_open,3325175.0,-0.0
1519257600000.0,1328.35,0,25,0,1105575.0,25000,settle,3320875.0,-0.0
1519344000000.0,1327.95,25,0,0,1105575.0,0,sell_close,1000.0,-0.0
1519344000000.0,1327.95,5,0,5,1105525.0,5000,sell_open,1000.0,-663975.0
1519344000000.0,1327.95,0,0,5,1104525.0,5000,settle,0.0,-663975.0
1519603200000.0,1333.5,5,0,10,1104475.0,10000,sell_open,0.0,-1330725.0
1519603200000.0,1333.5,0,0,10,1107250.0,10000,settle,0.0,-1333500.0
1519689600000.0,1325.75,10,0,0,1107250.0,0,buy_close,0.0,-7750.0
1519689600000.0,1325.75,5,5,0,1107200.0,5000,buy_open,662875.0,-7750.0
1519689600000.0,1325.75,0,5,0,1099450.0,5000,settle,662875.0,-0.0
1519776000000.0,1317.85,5,0,0,1099450.0,0,sell_close,3950.0,-0.0
1519776000000.0,1317.85,5,0,5,1099400.0,5000,sell_open,3950.0,-658925.0
1519776000000.0,1317.85,0,0,5,1095450.0,5000,settle,0.0,-658925.0
1519862400000.0,1307.75,5,0,0,1095450.0,0,buy_close,0.0,-5050.0
1519862400000.0,1307.75,5,5,0,1095400.0,5000,buy_open,653875.0,-5050.0
1519862400000.0,1307.75,0,5,0,1090350.0,5000,settle,653875.0,-0.0
1519948800000.0,1322.3,5,10,0,1090300.0,10000,buy_open,1315025.0,-0.0
1519948800000.0,1322.3,0,10,0,1097575.0,10000,settle,1322300.0,-0.0
1520208000000.0,1320.4,5,15,0,1097525.0,15000,buy_open,1982500.0,-0.0
1520208000000.0,1320.4,0,15,0,1095625.0,15000,settle,1980600.0,-0.0
1520294400000.0,1331.4,15,0,0,1095625.0,0,sell_close,-16500.0,-0.0
1520294400000.0,1331.4,5,0,5,1095575.0,5000,sell_open,-16500.0,-665700.0
1520294400000.0,1331.4,0,0,5,1112075.0,5000,settle,0.0,-665700.0
1520380800000.0,1329.4,5,0,0,1112075.0,0,buy_close,0.0,-1000.0
1520380800000.0,1329.4,5,5,0,1112025.0,5000,buy_open,664700.0,-1000.0
1520380800000.0,1329.4,0,5,0,1111025.0,5000,settle,664700.0,-0.0
1520467200000.0,1321.0,5,10,0,1110975.0,10000,buy_open,1325200.0,-0.0
1520467200000.0,1321.0,0,10,0,1106775.0,10000,settle,1321000.0,-0.0
1520553600000.0,1320.6,5,15,0,1106725.0,15000,buy_open,1981300.0,-0.0
1520553600000.0,1320.6,0,15,0,1106325.0,15000,settle,1980900.0,-0.0
1520812800000.0,1319.15,5,20,0,1106275.0,20000,buy_open,2640475.0,-0.0
1520812800000.0,1319.15,0,20,0,1104100.0,20000,settle,2638300.0,-0.0
1520899200000.0,1322.75,20,0,0,1104100.0,0,sell_close,-7200.0,-0.0
1520899200000.0,1322.75,5,0,5,1104050.0,5000,sell_open,-7200.0,-661375.0
1520899200000.0,1322.75,0,0,5,1111250.0,5000,settle,0.0,-661375.0
1520985600000.0,1323.55,5,0,10,1111200.0,10000,sell_open,0.0,-1323150.0
1520985600000.0,1323.55,0,0,10,1111600.0,10000,settle,0.0,-1323550.0
1521072000000.0,1318.75,5,0,15,1111550.0,15000,sell_open,0.0,-1982925.0
1521072000000.0,1318.75,0,0,15,1106750.0,15000,settle,0.0,-1978125.0
1521158400000.0,1310.1,5,0,20,1106700.0,20000,sell_open,0.0,-2633175.0
1521158400000.0,1310.1,0,0,20,1093725.0,20000,settle,0.0,-2620200.0
1521417600000.0,1312.4,5,0,25,1093675.0,25000,sell_open,0.0,-3276400.0
1521417600000.0,1312.4,0,0,25,1098275.0,25000,settle,0.0,-3281000.0
1521504000000.0,1311.0,25,0,0,1098275.0,0,buy_close,0.0,-3500.0
1521504000000.0,1311.0,5,5,0,1098225.0,5000,buy_open,655500.0,-3500.0
1521504000000.0,1311.0,0,5,0,1094725.0,5000,settle,655500.0,-0.0
1521590400000.0,1321.35,5,0,0,1094725.0,0,sell_close,-5175.0,-0.0
1521590400000.0,1321.35,5,0,5,1094675.0,5000,sell_open,-5175.0,-660675.0
1521590400000.0,1321.35,0,0,5,1099850.0,5000,settle,0.0,-660675.0
1521676800000.0,1329.15,5,0,10,1099800.0,10000,sell_open,0.0,-1325250.0
1521676800000.0,1329.15,0,0,10,1103700.0,10000,settle,0.0,-1329150.0
1521763200000.0,1346.6,5,0,15,1103650.0,15000,sell_open,0.0,-2002450.0
1521763200000.0,1346.6,0,0,15,1121100.0,15000,settle,0.0,-2019900.0
1522022400000.0,1352.4,5,0,20,1121050.0,20000,sell_open,0.0,-2696100.0
1522022400000.0,1352.4,0,0,20,1129750.0,20000,settle,0.0,-2704800.0
1522108800000.0,1341.45,5,0,25,1129700.0,25000,sell_open,0.0,-3375525.0
1522108800000.0,1341.45,0,0,25,1107800.0,25000,settle,0.0,-3353625.0
1522195200000.0,1332.45,25,0,0,1107800.0,0,buy_close,0.0,-22500.0
1522195200000.0,1332.45,5,5,0,1107750.0,5000,buy_open,666225.0,-22500.0
1522195200000.0,1332.45,0,5,0,1085250.0,5000,settle,666225.0,-0.0
1522281600000.0,1323.85,5,0,0,1085250.0,0,sell_close,4300.0,-0.0
1522281600000.0,1323.85,5,0,5,1085200.0,5000,sell_open,4300.0,-661925.0
1522281600000.0,1323.85,0,0,5,1080900.0,5000,settle,0.0,-661925.0
1522627200000.0,1323.85,5,0,0,1080900.0,0,buy_close,0.0,0.0
1522627200000.0,1323.85,5,5,0,1080850.0,5000,buy_open,661925.0,0.0
1522627200000.0,1323.85,0,5,0,1080850.0,5000,settle,661925.0,-0.0
1522713600000.0,1333.45,5,0,0,1080850.0,0,sell_close,-4800.0,-0.0
1522713600000.0,1333.45,5,0,5,1080800.0,5000,sell_open,-4800.0,-666725.0
1522713600000.0,1333.45,0,0,5,1085600.0,5000,settle,0.0,-666725.0
1522800000000.0,1337.3,5,0,10,1085550.0,10000,sell_open,0.0,-1335375.0
1522800000000.0,1337.3,0,0,10,1087475.0,10000,settle,0.0,-1337300.0
1522886400000.0,1327.7,10,0,0,1087475.0,0,buy_close,0.0,-9600.0
1522886400000.0,1327.7,5,5,0,1087425.0,5000,buy_open,663850.0,-9600.0
1522886400000.0,1327.7,0,5,0,1077825.0,5000,settle,663850.0,-0.0
1522972800000.0,1331.2,5,0,0,1077825.0,0,sell_close,-1750.0,-0.0
1522972800000.0,1331.2,5,0,5,1077775.0,5000,sell_open,-1750.0,-665600.0
1522972800000.0,1331.2,0,0,5,1079525.0,5000,settle,0.0,-665600.0
1523232000000.0,1331.95,5,0,10,1079475.0,10000,sell_open,0.0,-1331575.0
1523232000000.0,1331.95,0,0,10,1079850.0,10000,settle,0.0,-1331950.0
1523318400000.0,1338.95,10,0,0,1079850.0,0,buy_close,0.0,7000.0
1523318400000.0,1338.95,5,5,0,1079800.0,5000,buy_open,669475.0,7000.0
1523318400000.0,1338.95,0,5,0,1086800.0,5000,settle,669475.0,-0.0
1523404800000.0,1350.75,5,0,0,1086800.0,0,sell_close,-5900.0,-0.0
1523404800000.0,1350.75,5,0,5,1086750.0,5000,sell_open,-5900.0,-675375.0
1523404800000.0,1350.75,0,0,5,1092650.0,5000,settle,0.0,-675375.0
1523491200000.0,1341.35,5,0,0,1092650.0,0,buy_close,0.0,-4700.0
1523491200000.0,1341.35,5,5,0,1092600.0,5000,buy_open,670675.0,-4700.0
1523491200000.0,1341.35,0,5,0,1087900.0,5000,settle,670675.0,-0.0
1523577600000.0,1343.7,5,0,0,1087900.0,0,sell_close,-1175.0,-0.0
1523577600000.0,1343.7,5,0,5,1087850.0,5000,sell_open,-1175.0,-671850.0
1523577600000.0,1343.7,0,0,5,1089025.0,5000,settle,0.0,-671850.0
1523836800000.0,1349.35,5,0,10,1088975.0,10000,sell_open,0.0,-1346525.0
1523836800000.0,1349.35,0,0,10,1091800.0,10000,settle,0.0,-1349350.0
1523923200000.0,1342.1,5,0,15,1091750.0,15000,sell_open,0.0,-2020400.0
1523923200000.0,1342.1,0,0,15,1084500.0,15000,settle,0.0,-2013150.0
1524009600000.0,1351.45,5,0,20,1084450.0,20000,sell_open,0.0,-2688875.0
1524009600000.0,1351.45,0,0,20,1098475.0,20000,settle,0.0,-2702900.0
1524096000000.0,1348.6,20,0,0,1098475.0,0,buy_close,0.0,-5700.0
1524096000000.0,1348.6,5,5,0,1098425.0,5000,buy_open,674300.0,-5700.0
1524096000000.0,1348.6,0,5,0,1092725.0,5000,settle,674300.0,-0.0
1524182400000.0,1336.75,5,0,0,1092725.0,0,sell_close,5925.0,-0.0
1524182400000.0,1336.75,5,0,5,1092675.0,5000,sell_open,5925.0,-668375.0
1524182400000.0,1336.75,0,0,5,1086750.0,5000,settle,0.0,-668375.0
1524441600000.0,1324.3,5,0,10,1086700.0,10000,sell_open,0.0,-1330525.0
1524441600000.0,1324.3,0,0,10,1080475.0,10000,settle,0.0,-1324300.0
1524528000000.0,1328.85,5,0,15,1080425.0,15000,sell_open,0.0,-1988725.0
1524528000000.0,1328.85,0,0,15,1084975.0,15000,settle,0.0,-1993275.0
1524614400000.0,1321.65,5,0,20,1084925.0,20000,sell_open,0.0,-2654100.0
1524614400000.0,1321.65,0,0,20,1074125.0,20000,settle,0.0,-2643300.0
1524700800000.0,1320.7,5,0,25,1074075.0,25000,sell_open,0.0,-3303650.0
1524700800000.0,1320.7,0,0,25,1072175.0,25000,settle,0.0,-3301750.0
1524787200000.0,1321.5,5,0,30,1072125.0,30000,sell_open,0.0,-3962500.0
1524787200000.0,1321.5,0,0,30,1074125.0,30000,settle,0.0,-3964500.0
1525046400000.0,1313.2,30,0,0,1074125.0,0,buy_close,0.0,-24900.0
1525046400000.0,1313.2,5,5,0,1074075.0,5000,buy_open,656600.0,-24900.0
1525046400000.0,1313.2,0,5,0,1049175.0,5000,settle,656600.0,-0.0
1525132800000.0,1307.1,5,0,0,1049175.0,0,sell_close,3050.0,-0.0
1525132800000.0,1307.1,5,0,5,1049125.0,5000,sell_open,3050.0,-653550.0
1525132800000.0,1307.1,0,0,5,1046075.0,5000,settle,0.0,-653550.0
1525219200000.0,1304.2,5,0,0,1046075.0,0,buy_close,0.0,-1450.0
1525219200000.0,1304.2,5,5,0,1046025.0,5000,buy_open,652100.0,-1450.0
1525219200000.0,1304.2,0,5,0,1044575.0,5000,settle,652100.0,-0.0
1525305600000.0,1315.05,5,0,0,1044575.0,0,sell_close,-5425.0,-0.0
1525305600000.0,1315.05,5,0,5,1044525.0,5000,sell_open,-5425.0,-657525.0
1525305600000.0,1315.05,0,0,5,1049950.0,5000,settle,0.0,-657525.0
1525392000000.0,1309.4,5,0,0,1049950.0,0,buy_close,0.0,-2825.0
1525392000000.0,1309.4,5,5,0,1049900.0,5000,buy_open,654700.0,-2825.0
1525392000000.0,1309.4,0,5,0,1047075.0,5000,settle,654700.0,-0.0
1525651200000.0,1309.4,5,10,0,1047025.0,10000,buy_open,1309400.0,-0.0
1525651200000.0,1309.4,0,10,0,1047025.0,10000,settle,1309400.0,-0.0
1525737600000.0,1306.6,5,15,0,1046975.0,15000,buy_open,1962700.0,-0.0
1525737600000.0,1306.6,0,15,0,1044175.0,15000,settle,1959900.0,-0.0
1525824000000.0,1313.85,15,0,0,1044175.0,0,sell_close,-10875.0,-0.0
1525824000000.0,1313.85,5,0,5,1044125.0,5000,sell_open,-10875.0,-656925.0
1525824000000.0,1313.85,0,0,5,1055000.0,5000,settle,0.0,-656925.0
1525910400000.0,1318.8,5,0,10,1054950.0,10000,sell_open,0.0,-1316325.0
1525910400000.0,1318.8,0,0,10,1057425.0,10000,settle,0.0,-1318800.0
1525996800000.0,1324.35,5,0,15,1057375.0,15000,sell_open,0.0,-1980975.0
1525996800000.0,1324.35,0,0,15,1062925.0,15000,settle,0.0,-1986525.0
1526256000000.0,1319.85,15,0,0,1062925.0,0,buy_close,0.0,-6750.0
1526256000000.0,1319.85,5,5,0,1062875.0,5000,buy_open,659925.0,-6750.0
1526256000000.0,1319.85,0,5,0,1056125.0,5000,settle,659925.0,-0.0
1526342400000.0,1295.0,5,10,0,1056075.0,10000,buy_open,1307425.0,-0.0
1526342400000.0,1295.0,0,10,0,1043650.0,10000,settle,1295000.0,-0.0
1526428800000.0,1291.25,5,15,0,1043600.0,15000,buy_open,1940625.0,-0.0
1526428800000.0,1291.25,0,15,0,1039850.0,15000,settle,1936875.0,-0.0
1526515200000.0,1289.5,5,20,0,1039800.0,20000,buy_open,2581625.0,-0.0
1526515200000.0,1289.5,0,20,0,1037175.0,20000,settle,2579000.0,-0.0
1526601600000.0,1288.3,5,25,0,1037125.0,25000,buy_open,3223150.0,-0.0
1526601600000.0,1288.3,0,25,0,1034725.0,25000,settle,3220750.0,-0.0
1526860800000.0,1288.35,5,30,0,1034675.0,30000,buy_open,3864925.0,-0.0
1526860800000.0,1288.35,0,30,0,1034800.0,30000,settle,3865050.0,-0.0
1526947200000.0,1293.05,30,0,0,1034800.0,0,sell_close,-14100.0,-0.0
1526947200000.0,1293.05,5,0,5,1034750.0,5000,sell_open,-14100.0,-646525.0
1526947200000.0,1293.05,0,0,5,1048850.0,5000,settle,0.0,-646525.0
1527033600000.0,1289.0,5,0,0,1048850.0,0,buy_close,0.0,-2025.0
1527033600000.0,1289.0,5,5,0,1048800.0,5000,buy_open,644500.0,-2025.0
1527033600000.0,1289.0,0,5,0,1046775.0,5000,settle,644500.0,-0.0
1527120000000.0,1304.85,5,0,0,1046775.0,0,sell_close,-7925.0,-0.0
1527120000000.0,1304.85,5,0,5,1046725.0,5000,sell_open,-7925.0,-652425.0
1527120000000.0,1304.85,0,0,5,1054650.0,5000,settle,0.0,-652425.0
1527206400000.0,1303.5,5,0,0,1054650.0,0,buy_close,0.0,-675.0
1527206400000.0,1303.5,5,5,0,1054600.0,5000,buy_open,651750.0,-675.0
1527206400000.0,1303.5,0,5,0,1053925.0,5000,settle,651750.0,-0.0
1527552000000.0,1295.5,5,0,0,1053925.0,0,sell_close,4000.0,-0.0
1527552000000.0,1295.5,5,0,5,1053875.0,5000,sell_open,4000.0,-647750.0
1527552000000.0,1295.5,0,0,5,1049875.0,5000,settle,0.0,-647750.0
1527638400000.0,1300.7,5,0,10,1049825.0,10000,sell_open,0.0,-1298100.0
1527638400000.0,1300.7,0,0,10,1052425.0,10000,settle,0.0,-1300700.0
1527724800000.0,1305.35,5,0,15,1052375.0,15000,sell_open,0.0,-1953375.0
1527724800000.0,1305.35,0,0,15,1057025.0,15000,settle,0.0,-1958025.0
1527811200000.0,1294.6,15,0,0,1057025.0,0,buy_close,0.0,-16125.0
1527811200000.0,1294.6,5,5,0,1056975.0,5000,buy_open,647300.0,-16125.0
1527811200000.0,1294.6,0,5,0,1040850.0,5000,settle,647300.0,-0.0
1528070400000.0,1295.45,5,10,0,1040800.0,10000,buy_open,1295025.0,-0.0
1528070400000.0,1295.45,0,10,0,1041225.0,10000,settle,1295450.0,-0.0
1528156800000.0,1292.05,10,0,0,1041225.0,0,sell_close,3400.0,-0.0
1528156800000.0,1292.05,5,0,5,1041175.0,5000,sell_open,3400.0,-646025.0
1528156800000.0,1292.05,0,0,5,1037775.0,5000,settle,0.0,-646025.0
1528243200000.0,1300.1,5,0,10,1037725.0,10000,sell_open,0.0,-1296075.0
1528243200000.0,1300.1,0,0,10,1041750.0,10000,settle,0.0,-1300100.0
1528329600000.0,1297.25,5,0,15,1041700.0,15000,sell_open,0.0,-1948725.0
1528329600000.0,1297.25,0,0,15,1038850.0,15000,settle,0.0,-1945875.0
1528416000000.0,1298.25,5,0,20,1038800.0,20000,sell_open,0.0,-2595000.0
1528416000000.0,1298.25,0,0,20,1040300.0,20000,settle,0.0,-2596500.0
1528675200000.0,1299.6,5,0,25,1040250.0,25000,sell_open,0.0,-3246300.0
1528675200000.0,1299.6,0,0,25,1042949.9999999995,25000,settle,0.0,-3248999.9999999995
1528761600000.0,1298.65,5,0,30,1042899.9999999995,30000,sell_open,0.0,-3898324.9999999995
1528761600000.0,1298.65,0,0,30,1040525.0,30000,settle,0.0,-3895950.0
1528848000000.0,1296.15,30,0,0,1040525.0,0,buy_close,0.0,-7500.0
1528848000000.0,1296.15,5,5,0,1040475.0,5000,buy_open,648075.0,-7500.0
1528848000000.0,1296.15,0,5,0,1032975.0,5000,settle,648075.0,-0.0
1528934400000.0,1302.75,5,0,0,1032975.0,0,sell_close,-3300.0,-0.0
1528934400000.0,1302.75,5,0,5,1032925.0,5000,sell_open,-3300.0,-651375.0
1528934400000.0,1302.75,0,0,5,1036225.0,5000,settle,0.0,-651375.0
1529020800000.0,1285.25,5,0,0,1036225.0,0,buy_close,0.0,-8750.0
1529020800000.0,1285.25,5,5,0,1036175.0,5000,buy_open,642625.0,-8750.0
1529020800000.0,1285.25,0,5,0,1027425.0,5000,settle,642625.0,-0.0
1529280000000.0,1281.55,5,10,0,1027375.0,10000,buy_open,1283400.0,-0.0
1529280000000.0,1281.55,0,10,0,1025525.0,10000,settle,1281550.0,-0.0
1529366400000.0,1276.15,5,15,0,1025475.0,15000,buy_open,1919625.0,-0.0
1529366400000.0,1276.15,0,15,0,1020075.0,15000,settle,1914225.0,-0.0
1529452800000.0,1274.2,5,20,0,1020025.0,20000,buy_open,2551325.0,-0.0
1529452800000.0,1274.2,0,20,0,1017100.0,20000,settle,2548400.0,-0.0
1529539200000.0,1266.15,5,25,0,1017050.0,25000,buy_open,3181475.0,-0.0
1529539200000.0,1266.15,0,25,0,1000950.0000000005,25000,settle,3165375.0000000005,-0.0
1529625600000.0,1269.15,25,0,0,1000950.0000000005,0,sell_close,-7500.0,-0.0
1529625600000.0,1269.15,5,0,5,1000900.0000000005,5000,sell_open,-7500.0,-634575.0
1529625600000.0,1269.15,0,0,5,1008400.0000000005,5000,settle,0.0,-634575.0
1529884800000.0,1268.7,5,0,0,1008400.0000000005,0,buy_close,0.0,-225.0
1529884800000.0,1268.7,5,5,0,1008350.0000000005,5000,buy_open,634350.0,-225.0
1529884800000.0,1268.7,0,5,0,1008125.0000000005,5000,settle,634350.0,-0.0
1529971200000.0,1260.3,5,0,0,1008125.0000000005,0,sell_close,4200.0,-0.0
1529971200000.0,1260.3,5,0,5,1008075.0000000005,5000,sell_open,4200.0,-630150.0
1529971200000.0,1260.3,0,0,5,1003875.0000000005,5000,settle,0.0,-630150.0
1530057600000.0,1254.6,5,0,0,1003875.0000000005,0,buy_close,0.0,-2850.0
1530057600000.0,1254.6,5,5,0,1003825.0000000005,5000,buy_open,627300.0,-2850.0
1530057600000.0,1254.6,0,5,0,1000975.0000000005,5000,settle,627300.0,-0.0
1530144000000.0,1251.55,5,10,0,1000925.0000000005,10000,buy_open,1253075.0,-0.0
1530144000000.0,1251.55,0,10,0,999400.0000000005,10000,settle,1251550.0,-0.0
1530230400000.0,1250.45,5,15,0,999350.0000000005,15000,buy_open,1876775.0,-0.0
1530230400000.0,1250.45,0,15,0,998250.0000000005,15000,settle,1875675.0,-0.0
1530489600000.0,1247.8,5,20,0,998200.0000000005,20000,buy_open,2499575.0,-0.0
1530489600000.0,1247.8,0,20,0,994225.0000000005,20000,settle,2495600.0,-0.0
1530576000000.0,1251.75,20,0,0,994225.0000000005,0,sell_close,-7900.0,-0.0
1530576000000.0,1251.75,5,0,5,994175.0000000005,5000,sell_open,-7900.0,-625875.0
1530576000000.0,1251.75,0,0,5,1002075.0000000005,5000,settle,0.0,-625875.0
1530662400000.0,1255.65,5,0,10,1002025.0000000005,10000,sell_open,0.0,-1253700.0
1530662400000.0,1255.65,0,0,10,1003975.0000000005,10000,settle,0.0,-1255650.0
1530748800000.0,1255.5,5,0,15,1003925.0000000005,15000,sell_open,0.0,-1883400.0
1530748800000.0,1255.5,0,0,15,1003775.0000000005,15000,settle,0.0,-1883250.0
1530835200000.0,1255.35,15,0,0,1003775.0000000005,0,buy_close,0.0,-225.0
1530835200000.0,1255.35,5,5,0,1003725.0000000005,5000,buy_open,627675.0,-225.0
1530835200000.0,1255.35,0,5,0,1003500.0000000005,5000,settle,627675.0,-0.0
1531094400000.0,1262.05,5,0,0,1003500.0000000005,0,sell_close,-3350.0,-0.0
1531094400000.0,1262.05,5,0,5,1003450.0000000005,5000,sell_open,-3350.0,-631025.0
1531094400000.0,1262.05,0,0,5,1006800.0000000005,5000,settle,0.0,-631025.0
1531180800000.0,1254.0,5,0,0,1006800.0000000005,0,buy_close,0.0,-4025.0
1531180800000.0,1254.0,5,5,0,1006750.0000000005,5000,buy_open,627000.0,-4025.0
1531180800000.0,1254.0,0,5,0,1002725.0000000005,5000,settle,627000.0,-0.0
1531267200000.0,1251.4,5,10,0,1002675.0000000005,10000,buy_open,1252700.0,-0.0
1531267200000.0,1251.4,0,10,0,1001375.0000000005,10000,settle,1251400.0,-0.0
1531353600000.0,1245.9,5,15,0,1001325.0000000005,15000,buy_open,1874350.0,-0.0
1531353600000.0,1245.9,0,15,0,995825.0000000005,15000,settle,1868850.0,-0.0
1531440000000.0,1241.7,5,20,0,995775.0000000005,20000,buy_open,2489700.0,-0.0
1531440000000.0,1241.7,0,20,0,989475.0000000005,20000,settle,2483400.0,-0.0
1531699200000.0,1241.1,5,25,0,989425.0000000005,25000,buy_open,3103950.0,-0.0
1531699200000.0,1241.1,0,25,0,988225.0,25000,settle,3102749.9999999995,-0.0
1531785600000.0,1232.8,25,0,0,988225.0,0,sell_close,20749.999999999534,-0.0
1531785600000.0,1232.8,5,0,5,988175.0,5000,sell_open,20749.999999999534,-616400.0
1531785600000.0,1232.8,0,0,5,967425.0000000005,5000,settle,0.0,-616400.0
1531872000000.0,1224.5,5,0,0,967425.0000000005,0,buy_close,0.0,-4150.0
1531872000000.0,1224.5,5,5,0,967375.0000000005,5000,buy_open,612250.0,-4150.0
1531872000000.0,1224.5,0,5,0,963225.0000000005,5000,settle,612250.0,-0.0
1531958400000.0,1217.55,5,10,0,963175.0000000005,10000,buy_open,1221025.0,-0.0
1531958400000.0,1217.55,0,10,0,959700.0000000005,10000,settle,1217550.0,-0.0
1532044800000.0,1228.75,10,0,0,959700.0000000005,0,sell_close,-11200.0,-0.0
1532044800000.0,1228.75,5,0,5,959650.0000000005,5000,sell_open,-11200.0,-614375.0
1532044800000.0,1228.75,0,0,5,970850.0000000005,5000,settle,0.0,-614375.0
1532304000000.0,1224.95,5,0,10,970800.0000000005,10000,sell_open,0.0,-1226850.0
1532304000000.0,1224.95,0,0,10,968900.0000000005,10000,settle,0.0,-1224950.0
1532390400000.0,1228.35,5,0,15,968850.0000000005,15000,sell_open,0.0,-1839125.0
1532390400000.0,1228.35,0,0,15,972250.0000000005,15000,settle,0.0,-1842525.0
1532476800000.0,1231.5,5,0,20,972200.0000000005,20000,sell_open,0.0,-2458275.0
1532476800000.0,1231.5,0,0,20,976925.0000000005,20000,settle,0.0,-2463000.0
1532563200000.0,1228.25,20,0,0,976925.0000000005,0,buy_close,0.0,-6500.0
1532563200000.0,1228.25,5,5,0,976875.0000000005,5000,buy_open,614125.0,-6500.0
1532563200000.0,1228.25,0,5,0,970375.0000000005,5000,settle,614125.0,-0.0
1532649600000.0,1223.95,5,10,0,970325.0000000005,10000,buy_open,1226100.0,-0.0
1532649600000.0,1223.95,0,10,0,968175.0000000005,10000,settle,1223950.0,-0.0
1532908800000.0,1223.8,5,15,0,968125.0000000005,15000,buy_open,1835850.0,-0.0
1532908800000.0,1223.8,0,15,0,967975.0000000005,15000,settle,1835700.0,-0.0
1532995200000.0,1220.95,5,20,0,967925.0000000005,20000,buy_open,2446175.0,-0.0
1532995200000.0,1220.95,0,20,0,963650.0000000005,20000,settle,2441900.0,-0.0
1533081600000.0,1219.0,5,25,0,963600.0000000005,25000,buy_open,3051400.0,-0.0
1533081600000.0,1219.0,0,25,0,959700.0000000005,25000,settle,3047500.0,-0.0
1533168000000.0,1215.45,25,0,0,959700.0000000005,0,sell_close,8875.0,-0.0
1533168000000.0,1215.45,5,0,5,959650.0000000005,5000,sell_open,8875.0,-607725.0
1533168000000.0,1215.45,0,0,5,950775.0000000005,5000,settle,0.0,-607725.0
1533254400000.0,1216.3,5,0,0,950775.0000000005,0,buy_close,0.0,425.0
1533254400000.0,1216.3,5,5,0,950725.0000000005,5000,buy_open,608150.0,425.0
1533254400000.0,1216.3,0,5,0,951150.0000000005,5000,settle,608150.0,-0.0
1533513600000.0,1209.65,5,0,0,951150.0000000005,0,sell_close,3325.0,-0.0
1533513600000.0,1209.65,5,0,5,951100.0000000005,5000,sell_open,3325.0,-604825.0
1533513600000.0,1209.65,0,0,5,947775.0000000005,5000,settle,0.0,-604825.0
1533600000000.0,1212.35,5,0,0,947775.0000000005,0,buy_close,0.0,1350.0
1533600000000.0,1212.35,5,5,0,947725.0000000005,5000,buy_open,606175.0,1350.0
1533600000000.0,1212.35,0,5,0,949075.0000000005,5000,settle,606175.0,-0.0
1533686400000.0,1209.55,5,10,0,949025.0000000005,10000,buy_open,1210950.0,-0.0
1533686400000.0,1209.55,0,10,0,947625.0000000005,10000,settle,1209550.0,-0.0
1533772800000.0,1214.35,10,0,0,947625.0000000005,0,sell_close,-4800.0,-0.0
1533772800000.0,1214.35,5,0,5,947575.0000000005,5000,sell_open,-4800.0,-607175.0
1533772800000.0,1214.35,0,0,5,952375.0000000005,5000,settle,0.0,-607175.0
1533859200000.0,1214.4,5,0,10,952325.0000000005,10000,sell_open,0.0,-1214375.0
1533859200000.0,1214.4,0,0,10,952350.0000000005,10000,settle,0.0,-1214400.0
1534118400000.0,1200.35,10,0,0,952350.0000000005,0,buy_close,0.0,-14050.0
1534118400000.0,1200.35,5,5,0,952300.0000000005,5000,buy_open,600175.0,-14050.0
1534118400000.0,1200.35,0,5,0,938250.0000000005,5000,settle,600175.0,-0.0
1534204800000.0,1197.0,5,10,0,938200.0000000005,10000,buy_open,1198675.0,-0.0
1534204800000.0,1197.0,0,10,0,936525.0000000005,10000,settle,1197000.0,-0.0
1534291200000.0,1182.0,10,0,0,936525.0000000005,0,sell_close,15000.0,-0.0
1534291200000.0,1182.0,5,0,5,936475.0000000005,5000,sell_open,15000.0,-591000.0
1534291200000.0,1182.0,0,0,5,921475.0000000005,5000,settle,0.0,-591000.0
1534377600000.0,1180.4,5,0,10,921425.0000000005,10000,sell_open,0.0,-1181200.0
1534377600000.0,1180.4,0,0,10,920625.0000000005,10000,settle,0.0,-1180400.0
1534464000000.0,1178.4,10,0,0,920625.0000000005,0,buy_close,0.0,-2000.0
1534464000000.0,1178.4,5,5,0,920575.0000000005,5000,buy_open,589200.0,-2000.0
1534464000000.0,1178.4,0,5,0,918575.0000000005,5000,settle,589200.0,-0.0
1534723200000.0,1184.35,5,0,0,918575.0000000005,0,sell_close,-2975.0,-0.0
1534723200000.0,1184.35,5,0,5,918525.0000000005,5000,sell_open,-2975.0,-592175.0
1534723200000.0,1184.35,0,0,5,921500.0000000005,5000,settle,0.0,-592175.0
1534809600000.0,1190.95,5,0,10,921450.0000000005,10000,sell_open,0.0,-1187650.0
1534809600000.0,1190.95,0,0,10,924750.0000000005,10000,settle,0.0,-1190950.0
1534896000000.0,1196.65,5,0,15,924700.0000000005,15000,sell_open,0.0,-1789275.0
1534896000000.0,1196.65,0,0,15,930400.0000000005,15000,settle,0.0,-1794975.0
1534982400000.0,1192.35,15,0,0,930400.0000000005,0,buy_close,0.0,-6450.0
1534982400000.0,1192.35,5,5,0,930350.0000000005,5000,buy_open,596175.0,-6450.0
1534982400000.0,1192.35,0,5,0,923900.0000000005,5000,settle,596175.0,-0.0
1535068800000.0,1197.7,5,0,0,923900.0000000005,0,sell_close,-2675.0,-0.0
1535068800000.0,1197.7,5,0,5,923850.0000000005,5000,sell_open,-2675.0,-598850.0
1535068800000.0,1197.7,0,0,5,926525.0000000005,5000,settle,0.0,-598850.0
1535328000000.0,1197.7,5,0,0,926525.0000000005,0,buy_close,0.0,0.0
1535328000000.0,1197.7,5,5,0,926475.0000000005,5000,buy_open,598850.0,0.0
1535328000000.0,1197.7,0,5,0,926475.0000000005,5000,settle,598850.0,-0.0
1535414400000.0,1212.25,5,0,0,926475.0000000005,0,sell_close,-7275.0,-0.0
1535414400000.0,1212.25,5,0,5,926425.0000000005,5000,sell_open,-7275.0,-606125.0
1535414400000.0,1212.25,0,0,5,933700.0000000005,5000,settle,0.0,-606125.0
1535500800000.0,1204.2,5,0,0,933700.0000000005,0,buy_close,0.0,-4025.0
1535500800000.0,1204.2,5,5,0,933650.0000000005,5000,buy_open,602100.0,-4025.0
1535500800000.0,1204.2,0,5,0,929625.0000000005,5000,settle,602100.0,-0.0
1535587200000.0,1197.3,5,10,0,929575.0000000005,10000,buy_open,1200750.0,-0.0
1535587200000.0,1197.3,0,10,0,926125.0000000005,10000,settle,1197300.0,-0.0
1535673600000.0,1202.45,10,0,0,926125.0000000005,0,sell_close,-5150.0,-0.0
1535673600000.0,1202.45,5,0,5,926075.0000000005,5000,sell_open,-5150.0,-601225.0
1535673600000.0,1202.45,0,0,5,931225.0000000005,5000,settle,0.0,-601225.0
1535932800000.0,1200.05,5,0,0,931225.0000000005,0,buy_close,0.0,-1200.0
1535932800000.0,1200.05,5,5,0,931175.0000000005,5000,buy_open,600025.0,-1200.0
1535932800000.0,1200.05,0,5,0,929975.0000000005,5000,settle,600025.0,-0.0
1536019200000.0,1190.85,5,0,0,929975.0000000005,0,sell_close,4600.0,-0.0
1536019200000.0,1190.85,5,0,5,929925.0000000005,5000,sell_open,4600.0,-595425.0
1536019200000.0,1190.85,0,0,5,925325.0000000005,5000,settle,0.0,-595425.0
1536105600000.0,1196.7,5,0,10,925275.0000000005,10000,sell_open,0.0,-1193775.0
1536105600000.0,1196.7,0,0,10,928200.0000000005,10000,settle,0.0,-1196700.0
1536192000000.0,1205.15,5,0,15,928150.0000000005,15000,sell_open,0.0,-1799275.0
1536192000000.0,1205.15,0,0,15,936600.0000000005,15000,settle,0.0,-1807725.0
1536278400000.0,1198.9,5,0,20,936550.0000000005,20000,sell_open,0.0,-2407175.0
1536278400000.0,1198.9,0,0,20,927175.0000000005,20000,settle,0.0,-2397800.0
1536537600000.0,1196.6,20,0,0,927175.0000000005,0,buy_close,0.0,-4600.0
1536537600000.0,1196.6,5,5,0,927125.0000000005,5000,buy_open,598300.0,-4600.0
1536537600000.0,1196.6,0,5,0,922525.0000000005,5000,settle,598300.0,-0.0
1536624000000.0,1189.85,5,10,0,922475.0000000005,10000,buy_open,1193225.0,-0.0
1536624000000.0,1189.85,0,10,0,919100.0000000005,10000,settle,1189850.0,-0.0
1536710400000.0,1195.6,10,0,0,919100.0000000005,0,sell_close,-5750.0,-0.0
1536710400000.0,1195.6,5,0,5,919050.0000000005,5000,sell_open,-5750.0,-597800.0
1536710400000.0,1195.6,0,0,5,924800.0000000005,5000,settle,0.0,-597800.0
1536796800000.0,1209.8,5,0,10,924750.0000000005,10000,sell_open,0.0,-1202700.0
1536796800000.0,1209.8,0,0,10,931850.0000000005,10000,settle,0.0,-1209800.0
1536883200000.0,1201.95,10,0,0,931850.0000000005,0,buy_close,0.0,-7850.0
1536883200000.0,1201.95,5,5,0,931800.0000000005,5000,buy_open,600975.0,-7850.0
1536883200000.0,1201.95,0,5,0,923950.0000000005,5000,settle,600975.0,-0.0
1537142400000.0,1201.9,5,10,0,923900.0000000005,10000,buy_open,1201925.0,-0.0
1537142400000.0,1201.9,0,10,0,923875.0000000005,10000,settle,1201900.0,-0.0
1537228800000.0,1200.2,10,0,0,923875.0000000005,0,sell_close,1700.0,-0.0
1537228800000.0,1200.2,5,0,5,923825.0000000005,5000,sell_open,1700.0,-600100.0
1537228800000.0,1200.2,0,0,5,922125.0000000005,5000,settle,0.0,-600100.0
1537315200000.0,1203.3,5,0,10,922075.0000000005,10000,sell_open,0.0,-1201750.0
1537315200000.0,1203.3,0,0,10,923625.0000000005,10000,settle,0.0,-1203300.0
1537401600000.0,1208.35,5,0,15,923575.0000000005,15000,sell_open,0.0,-1807475.0
1537401600000.0,1208.35,0,0,15,928625.0000000005,15000,settle,0.0,-1812525.0
1537488000000.0,1198.7,15,0,0,928625.0000000005,0,buy_close,0.0,-14475.0
1537488000000.0,1198.7,5,5,0,928575.0000000005,5000,buy_open,599350.0,-14475.0
1537488000000.0,1198.7,0,5,0,914100.0000000005,5000,settle,599350.0,-0.0
1537747200000.0,1202.75,5,0,0,914100.0000000005,0,sell_close,-2025.0,-0.0
1537747200000.0,1202.75,5,0,5,914050.0000000005,5000,sell_open,-2025.0,-601375.0
1537747200000.0,1202.75,0,0,5,916075.0000000005,5000,settle,0.0,-601375.0
1537833600000.0,1201.9,5,0,0,916075.0000000005,0,buy_close,0.0,-425.0
1537833600000.0,1201.9,5,5,0,916025.0000000005,5000,buy_open,600950.0,-425.0
1537833600000.0,1201.9,0,5,0,915600.0000000005,5000,settle,600950.0,-0.0
1537920000000.0,1194.25,5,0,0,915600.0000000005,0,sell_close,3825.0,-0.0
1537920000000.0,1194.25,5,0,5,915550.0000000005,5000,sell_open,3825.0,-597125.0
1537920000000.0,1194.25,0,0,5,911725.0000000005,5000,settle,0.0,-597125.0
1538006400000.0,1185.4,5,0,0,911725.0000000005,0,buy_close,0.0,-4425.0
1538006400000.0,1185.4,5,5,0,911675.0000000005,5000,buy_open,592700.0,-4425.0
1538006400000.0,1185.4,0,5,0,907250.0000000005,5000,settle,592700.0,-0.0
1538092800000.0,1187.25,5,0,0,907250.0000000005,0,sell_close,-925.0,-0.0
1538092800000.0,1187.25,5,0,5,907200.0000000005,5000,sell_open,-925.0,-593625.0
1538092800000.0,1187.25,0,0,5,908125.0000000005,5000,settle,0.0,-593625.0
1538352000000.0,1189.35,5,0,10,908075.0000000005,10000,sell_open,0.0,-1188300.0
1538352000000.0,1189.35,0,0,10,909125.0000000005,10000,settle,0.0,-1189350.0
1538438400000.0,1204.7,5,0,15,909075.0000000005,15000,sell_open,0.0,-1791700.0
1538438400000.0,1204.7,0,0,15,924425.0000000005,15000,settle,0.0,-1807050.0
1538524800000.0,1201.2,15,0,0,924425.0000000005,0,buy_close,0.0,-5250.0
1538524800000.0,1201.2,5,5,0,924375.0000000005,5000,buy_open,600600.0,-5250.0
1538524800000.0,1201.2,0,5,0,919125.0000000005,5000,settle,600600.0,-0.0
1538611200000.0,1203.45,5,0,0,919125.0000000005,0,sell_close,-1125.0,-0.0
1538611200000.0,1203.45,5,0,5,919075.0000000005,5000,sell_open,-1125.0,-601725.0
1538611200000.0,1203.45,0,0,5,920200.0000000005,5000,settle,0.0,-601725.0
1538697600000.0,1203.8,5,0,10,920150.0000000005,10000,sell_open,0.0,-1203625.0
1538697600000.0,1203.8,0,0,10,920325.0000000005,10000,settle,0.0,-1203800.0
1538956800000.0,1186.95,10,0,0,920325.0000000005,0,buy_close,0.0,-16850.0
1538956800000.0,1186.95,5,5,0,920275.0000000005,5000,buy_open,593475.0,-16850.0
1538956800000.0,1186.95,0,5,0,903425.0000000005,5000,settle,593475.0,-0.0
1539043200000.0,1185.55,5,0,0,903425.0000000005,0,sell_close,700.0,-0.0
1539043200000.0,1185.55,5,0,5,903375.0000000005,5000,sell_open,700.0,-592775.0
1539043200000.0,1185.55,0,0,5,902675.0000000005,5000,settle,0.0,-592775.0
1539129600000.0,1188.6,5,0,10,902625.0000000005,10000,sell_open,0.0,-1187075.0
1539129600000.0,1188.6,0,0,10,904150.0000000005,10000,settle,0.0,-1188600.0
1539216000000.0,1205.55,5,0,15,904100.0000000005,15000,sell_open,0.0,-1791375.0
1539216000000.0,1205.55,0,0,15,921050.0000000005,15000,settle,0.0,-1808325.0
1539302400000.0,1219.75,5,0,20,921000.0000000005,20000,sell_open,0.0,-2418200.0
1539302400000.0,1219.75,0,0,20,942300.0000000005,20000,settle,0.0,-2439500.0
1539561600000.0,1229.95,5,0,25,942250.0000000005,25000,sell_open,0.0,-3054475.0
1539561600000.0,1229.95,0,0,25,962650.0000000005,25000,settle,0.0,-3074875.0
1539648000000.0,1230.7,5,0,30,962600.0000000005,30000,sell_open,0.0,-3690225.0
1539648000000.0,1230.7,0,0,30,964475.0000000005,30000,settle,0.0,-3692100.0
1539734400000.0,1229.05,30,0,0,964475.0000000005,0,buy_close,0.0,-4950.0
1539734400000.0,1229.05,5,5,0,964425.0000000005,5000,buy_open,614525.0,-4950.0
1539734400000.0,1229.05,0,5,0,959475.0000000005,5000,settle,614525.0,-0.0
1539820800000.0,1223.0,5,10,0,959425.0000000005,10000,buy_open,1226025.0,-0.0
1539820800000.0,1223.0,0,10,0,956400.0000000005,10000,settle,1223000.0,-0.0
1539907200000.0,1227.85,10,0,0,956400.0000000005,0,sell_close,-4850.0,-0.0
1539907200000.0,1227.85,5,0,5,956350.0000000005,5000,sell_open,-4850.0,-613925.0
1539907200000.0,1227.85,0,0,5,961200.0000000005,5000,settle,0.0,-613925.0
1540166400000.0,1222.3,5,0,0,961200.0000000005,0,buy_close,0.0,-2775.0
1540166400000.0,1222.3,5,5,0,961150.0000000005,5000,buy_open,611150.0,-2775.0
1540166400000.0,1222.3,0,5,0,958375.0000000005,5000,settle,611150.0,-0.0
1540252800000.0,1235.95,5,10,0,958325.0000000005,10000,buy_open,1229125.0,-0.0
1540252800000.0,1235.95,0,10,0,965150.0000000005,10000,settle,1235950.0,-0.0
1540339200000.0,1230.55,5,15,0,965100.0000000005,15000,buy_open,1851225.0,-0.0
1540339200000.0,1230.55,0,15,0,959700.0000000005,15000,settle,1845825.0,-0.0
1540425600000.0,1230.8,15,0,0,959700.0000000005,0,sell_close,-375.0,-0.0
1540425600000.0,1230.8,5,0,5,959650.0000000005,5000,sell_open,-375.0,-615400.0
1540425600000.0,1230.8,0,0,5,960025.0000000005,5000,settle,0.0,-615400.0
1540512000000.0,1233.85,5,0,10,959975.0000000005,10000,sell_open,0.0,-1232325.0
1540512000000.0,1233.85,0,0,10,961500.0000000005,10000,settle,0.0,-1233850.0
1540771200000.0,1230.8,5,0,15,961450.0000000005,15000,sell_open,0.0,-1849250.0
1540771200000.0,1230.8,0,0,15,958400.0000000005,15000,settle,0.0,-1846200.0
1540857600000.0,1225.4,15,0,0,958400.0000000005,0,buy_close,0.0,-8100.0
1540857600000.0,1225.4,5,5,0,958350.0000000005,5000,buy_open,612700.0,-8100.0
1540857600000.0,1225.4,0,5,0,950250.0000000005,5000,settle,612700.0,-0.0
1540944000000.0,1214.95,5,10,0,950200.0000000005,10000,buy_open,1220175.0,-0.0
1540944000000.0,1214.95,0,10,0,944975.0000000005,10000,settle,1214950.0,-0.0
1541030400000.0,1231.15,10,0,0,944975.0000000005,0,sell_close,-16200.0,-0.0
1541030400000.0,1231.15,5,0,5,944925.0000000005,5000,sell_open,-16200.0,-615575.0
1541030400000.0,1231.15,0,0,5,961125.0000000005,5000,settle,0.0,-615575.0
1541116800000.0,1232.1,5,0,10,961075.0000000005,10000,sell_open,0.0,-1231625.0
1541116800000.0,1232.1,0,0,10,961550.0000000005,10000,settle,0.0,-1232100.0
1541376000000.0,1232.25,5,0,15,961500.0000000005,15000,sell_open,0.0,-1848225.0
1541376000000.0,1232.25,0,0,15,961650.0000000005,15000,settle,0.0,-1848375.0
1541462400000.0,1231.6,5,0,20,961600.0000000005,20000,sell_open,0.0,-2464175.0
1541462400000.0,1231.6,0,0,20,960625.0000000005,20000,settle,0.0,-2463200.0
1541548800000.0,1229.95,20,0,0,960625.0000000005,0,buy_close,0.0,-3300.0
1541548800000.0,1229.95,5,5,0,960575.0000000005,5000,buy_open,614975.0,-3300.0
1541548800000.0,1229.95,0,5,0,957275.0000000005,5000,settle,614975.0,-0.0
1541635200000.0,1224.15,5,10,0,957225.0000000005,10000,buy_open,1227050.0,-0.0
1541635200000.0,1224.15,0,10,0,954325.0000000005,10000,settle,1224150.0,-0.0
1541721600000.0,1211.4,10,0,0,954325.0000000005,0,sell_close,12750.0,-0.0
1541721600000.0,1211.4,5,0,5,954275.0000000005,5000,sell_open,12750.0,-605700.0
1541721600000.0,1211.4,0,0,5,941525.0000000005,5000,settle,0.0,-605700.0
1541980800000.0,1205.55,5,0,0,941525.0000000005,0,buy_close,0.0,-2925.0
1541980800000.0,1205.55,5,5,0,941475.0000000005,5000,buy_open,602775.0,-2925.0
1541980800000.0,1205.55,0,5,0,938550.0000000005,5000,settle,602775.0,-0.0
1542067200000.0,1202.1,5,0,0,938550.0000000005,0,sell_close,1725.0,-0.0
1542067200000.0,1202.1,5,0,5,938500.0000000005,5000,sell_open,1725.0,-601050.0
1542067200000.0,1202.1,0,0,5,936775.0000000005,5000,settle,0.0,-601050.0
1542153600000.0,1203.25,5,0,10,936725.0000000005,10000,sell_open,0.0,-1202675.0
1542153600000.0,1203.25,0,0,10,937300.0000000005,10000,settle,0.0,-1203250.0
1542240000000.0,1211.85,5,0,15,937250.0000000005,15000,sell_open,0.0,-1809175.0
1542240000000.0,1211.85,0,0,15,945850.0000000005,15000,settle,0.0,-1817775.0
1542326400000.0,1222.4,5,0,20,945800.0000000005,20000,sell_open,0.0,-2428975.0
1542326400000.0,1222.4,0,0,20,961625.0000000005,20000,settle,0.0,-2444800.0
1542585600000.0,1221.6,5,0,25,961575.0000000005,25000,sell_open,0.0,-3055600.0
1542585600000.0,1221.6,0,0,25,959975.0,25000,settle,0.0,-3053999.9999999995
1542672000000.0,1223.0,5,0,30,959925.0,30000,sell_open,0.0,-3665499.9999999995
1542672000000.0,1223.0,0,0,30,963425.0000000005,30000,settle,0.0,-3669000.0
1542758400000.0,1226.1,5,0,35,963375.0000000005,35000,sell_open,0.0,-4282050.0
1542758400000.0,1226.1,0,0,35,972675.0000000005,35000,settle,0.0,-4291350.0
1542844800000.0,1227.05,5,0,40,972625.0000000005,40000,sell_open,0.0,-4904875.0
1542844800000.0,1227.05,0,0,40,975950.0000000005,40000,settle,0.0,-4908200.0
1542931200000.0,1223.65,5,0,45,975900.0000000005,45000,sell_open,0.0,-5520025.0
1542931200000.0,1223.65,0,0,45,962300.0000000014,45000,settle,0.0,-5506425.000000001
1543190400000.0,1223.4,45,0,0,962300.0000000014,0,buy_close,0.0,-1125.0
1543190400000.0,1223.4,5,5,0,962250.0000000014,5000,buy_open,611700.0,-1125.0
1543190400000.0,1223.4,0,5,0,961125.0000000014,5000,settle,611700.0,-0.0
1543276800000.0,1221.2,5,10,0,961075.0000000014,10000,buy_open,1222300.0,-0.0
1543276800000.0,1221.2,0,10,0,959975.0000000014,10000,settle,1221200.0,-0.0
1543363200000.0,1213.25,5,15,0,959925.0000000014,15000,buy_open,1827825.0,-0.0
1543363200000.0,1213.25,0,15,0,951975.0000000014,15000,settle,1819875.0,-0.0
1543449600000.0,1226.25,15,0,0,951975.0000000014,0,sell_close,-19500.0,-0.0
1543449600000.0,1226.25,5,0,5,951925.0000000014,5000,sell_open,-19500.0,-613125.0
1543449600000.0,1226.25,0,0,5,971425.0000000014,5000,settle,0.0,-613125.0
1543536000000.0,1217.55,5,0,0,971425.0000000014,0,buy_close,0.0,-4350.0
1543536000000.0,1217.55,5,5,0,971375.0000000014,5000,buy_open,608775.0,-4350.0
1543536000000.0,1217.55,0,5,0,967025.0000000014,5000,settle,608775.0,-0.0
1543795200000.0,1230.3,5,0,0,967025.0000000014,0,sell_close,-6375.0,-0.0
1543795200000.0,1230.3,5,0,5,966975.0000000014,5000,sell_open,-6375.0,-615150.0
1543795200000.0,1230.3,0,0,5,973350.0000000014,5000,settle,0.0,-615150.0
1543881600000.0,1240.3,5,0,10,973300.0000000014,10000,sell_open,0.0,-1235300.0
1543881600000.0,1240.3,0,0,10,978300.0000000014,10000,settle,0.0,-1240300.0
1543968000000.0,1235.9,5,0,15,978250.0000000014,15000,sell_open,0.0,-1858250.0
1543968000000.0,1235.9,0,0,15,973850.0000000014,15000,settle,0.0,-1853850.0
1544054400000.0,1242.55,5,0,20,973800.0000000014,20000,sell_open,0.0,-2475125.0
1544054400000.0,1242.55,0,0,20,983775.0000000014,20000,settle,0.0,-2485100.0
1544140800000.0,1243.3,5,0,25,983725.0000000014,25000,sell_open,0.0,-3106750.0
1544140800000.0,1243.3,0,0,25,985225.0000000014,25000,settle,0.0,-3108250.0
1544400000000.0,1245.35,5,0,30,985175.0000000014,30000,sell_open,0.0,-3730925.0
1544400000000.0,1245.35,0,0,30,990300.0000000014,30000,settle,0.0,-3736050.0
1544486400000.0,1245.3,5,0,35,990250.0000000014,35000,sell_open,0.0,-4358700.0
1544486400000.0,1245.3,0,0,35,990100.0000000014,35000,settle,0.0,-4358550.0
1544572800000.0,1245.75,5,0,40,990050.0000000014,40000,sell_open,0.0,-4981425.0
1544572800000.0,1245.75,0,0,40,991625.0000000014,40000,settle,0.0,-4983000.0
1544659200000.0,1242.75,40,0,0,991625.0000000014,0,buy_close,0.0,-12000.0
1544659200000.0,1242.75,5,5,0,991575.0000000014,5000,buy_open,621375.0,-12000.0
1544659200000.0,1242.75,0,5,0,979575.0000000014,5000,settle,621375.0,-0.0
1544745600000.0,1235.35,5,10,0,979525.0000000014,10000,buy_open,1239050.0,-0.0
1544745600000.0,1235.35,0,10,0,975825.0000000014,10000,settle,1235350.0,-0.0
1545004800000.0,1241.65,10,0,0,975825.0000000014,0,sell_close,-6300.0,-0.0
1545004800000.0,1241.65,5,0,5,975775.0000000014,5000,sell_open,-6300.0,-620825.0
1545004800000.0,1241.65,0,0,5,982075.0000000014,5000,settle,0.0,-620825.0
1545091200000.0,1246.3,5,0,10,982025.0000000014,10000,sell_open,0.0,-1243975.0
1545091200000.0,1246.3,0,0,10,984350.0000000014,10000,settle,0.0,-1246300.0
1545177600000.0,1255.0,5,0,15,984300.0000000014,15000,sell_open,0.0,-1873800.0
1545177600000.0,1255.0,0,0,15,993000.0000000014,15000,settle,0.0,-1882500.0
1545264000000.0,1259.75,5,0,20,992950.0000000014,20000,sell_open,0.0,-2512375.0
1545264000000.0,1259.75,0,0,20,1000075.0000000014,20000,settle,0.0,-2519500.0
1545350400000.0,1258.15,20,0,0,1000075.0000000014,0,buy_close,0.0,-3200.0
1545350400000.0,1258.15,5,5,0,1000025.0000000014,5000,buy_open,629075.0,-3200.0
1545350400000.0,1258.15,0,5,0,996825.0000000014,5000,settle,629075.0,-0.0
1545609600000.0,1258.15,5,0,0,996825.0000000014,0,sell_close,0.0,-0.0
1545609600000.0,1258.15,5,0,5,996775.0000000014,5000,sell_open,0.0,-629075.0
1545609600000.0,1258.15,0,0,5,996775.0000000014,5000,settle,0.0,-629075.0
1545782400000.0,1258.15,5,0,0,996775.0000000014,0,buy_close,0.0,0.0
1545782400000.0,1258.15,5,5,0,996725.0000000014,5000,buy_open,629075.0,0.0
1545782400000.0,1258.15,0,5,0,996725.0000000014,5000,settle,629075.0,-0.0
1545868800000.0,1268.0,5,0,0,996725.0000000014,0,sell_close,-4925.0,-0.0
1545868800000.0,1268.0,5,0,5,996675.0000000014,5000,sell_open,-4925.0,-634000.0
1545868800000.0,1268.0,0,0,5,1001600.0000000014,5000,settle,0.0,-634000.0
1545955200000.0,1279.0,5,0,10,1001550.0000000014,10000,sell_open,0.0,-1273500.0
1545955200000.0,1279.0,0,0,10,1007050.0000000014,10000,settle,0.0,-1279000.0
1546214400000.0,1279.0,10,0,0,1007050.0000000014,0,buy_close,0.0,0.0
1546214400000.0,1279.0,5,5,0,1007000.0000000014,5000,buy_open,639500.0,0.0
1546214400000.0,1279.0,0,5,0,1007000.0000000014,5000,settle,639500.0,-0.0
1546387200000.0,1282.9,5,0,0,1007000.0000000014,0,sell_close,-1950.0,-0.0
1546387200000.0,1282.9,5,0,5,1006950.0000000014,5000,sell_open,-1950.0,-641450.0
1546387200000.0,1282.9,0,0,5,1008900.0000000014,5000,settle,0.0,-641450.0
1546473600000.0,1290.45,5,0,0,1008900.0000000014,0,buy_close,0.0,3775.0
1546473600000.0,1290.45,5,5,0,1008850.0000000014,5000,buy_open,645225.0,3775.0
1546473600000.0,1290.45,0,5,0,1012625.0000000014,5000,settle,645225.0,-0.0
1546560000000.0,1279.9,5,10,0,1012575.0000000014,10000,buy_open,1285175.0,-0.0
1546560000000.0,1279.9,0,10,0,1007300.0000000014,10000,settle,1279900.0,-0.0
1546819200000.0,1292.2,10,0,0,1007300.0000000014,0,sell_close,-12300.0,-0.0
1546819200000.0,1292.2,5,0,5,1007250.0000000014,5000,sell_open,-12300.0,-646100.0
1546819200000.0,1292.2,0,0,5,1019550.0000000014,5000,settle,0.0,-646100.0
1546905600000.0,1286.45,5,0,0,1019550.0000000014,0,buy_close,0.0,-2875.0
1546905600000.0,1286.45,5,5,0,1019500.0000000014,5000,buy_open,643225.0,-2875.0
1546905600000.0,1286.45,0,5,0,1016625.0000000014,5000,settle,643225.0,-0.0
1546992000000.0,1288.6,5,0,0,1016625.0000000014,0,sell_close,-1075.0,-0.0
1546992000000.0,1288.6,5,0,5,1016575.0000000014,5000,sell_open,-1075.0,-644300.0
1546992000000.0,1288.6,0,0,5,1017650.0000000014,5000,settle,0.0,-644300.0
1547078400000.0,1291.9,5,0,10,1017600.0000000014,10000,sell_open,0.0,-1290250.0
1547078400000.0,1291.9,0,0,10,1019250.0000000014,10000,settle,0.0,-1291900.0
1547164800000.0,1288.95,10,0,0,1019250.0000000014,0,buy_close,0.0,-2950.0
1547164800000.0,1288.95,5,5,0,1019200.0000000014,5000,buy_open,644475.0,-2950.0
1547164800000.0,1288.95,0,5,0,1016250.0000000014,5000,settle,644475.0,-0.0
1547424000000.0,1292.75,5,0,0,1016250.0000000014,0,sell_close,-1900.0,-0.0
1547424000000.0,1292.75,5,0,5,1016200.0000000014,5000,sell_open,-1900.0,-646375.0
1547424000000.0,1292.75,0,0,5,1018100.0000000014,5000,settle,0.0,-646375.0
1547510400000.0,1294.4,5,0,10,1018050.0000000014,10000,sell_open,0.0,-1293575.0
1547510400000.0,1294.4,0,0,10,1018875.0000000014,10000,settle,0.0,-1294400.0
1547596800000.0,1292.3,10,0,0,1018875.0000000014,0,buy_close,0.0,-2100.0
1547596800000.0,1292.3,5,5,0,1018825.0000000014,5000,buy_open,646150.0,-2100.0
1547596800000.0,1292.3,0,5,0,1016725.0000000014,5000,settle,646150.0,-0.0
1547683200000.0,1290.7,5,0,0,1016725.0000000014,0,sell_close,800.0,-0.0
1547683200000.0,1290.7,5,0,5,1016675.0000000014,5000,sell_open,800.0,-645350.0
1547683200000.0,1290.7,0,0,5,1015875.0000000014,5000,settle,0.0,-645350.0
1547769600000.0,1284.2,5,0,0,1015875.0000000014,0,buy_close,0.0,-3250.0
1547769600000.0,1284.2,5,5,0,1015825.0000000014,5000,buy_open,642100.0,-3250.0
1547769600000.0,1284.2,0,5,0,1012575.0000000014,5000,settle,642100.0,-0.0
1548028800000.0,1279.55,5,10,0,1012525.0000000014,10000,buy_open,1281875.0,-0.0
1548028800000.0,1279.55,0,10,0,1010200.0000000014,10000,settle,1279550.0,-0.0
1548115200000.0,1282.1,5,15,0,1010150.0000000014,15000,buy_open,1920600.0,-0.0
1548115200000.0,1282.1,0,15,0,1012700.0000000014,15000,settle,1923150.0,-0.0
1548201600000.0,1279.8,5,20,0,1012650.0000000014,20000,buy_open,2563050.0,-0.0
1548201600000.0,1279.8,0,20,0,1009200.0000000014,20000,settle,2559600.0,-0.0
1548288000000.0,1283.7,20,0,0,1009200.0000000014,0,sell_close,-7800.0,-0.0
1548288000000.0,1283.7,5,0,5,1009150.0000000014,5000,sell_open,-7800.0,-641850.0
1548288000000.0,1283.7,0,0,5,1016950.0000000014,5000,settle,0.0,-641850.0
1548374400000.0,1293.9,5,0,10,1016900.0000000014,10000,sell_open,0.0,-1288800.0
1548374400000.0,1293.9,0,0,10,1022000.0000000014,10000,settle,0.0,-1293900.0
1548633600000.0,1302.15,5,0,15,1021950.0000000014,15000,sell_open,0.0,-1944975.0
1548633600000.0,1302.15,0,0,15,1030200.0000000014,15000,settle,0.0,-1953225.0
1548720000000.0,1307.55,5,0,20,1030150.0000000014,20000,sell_open,0.0,-2607000.0
1548720000000.0,1307.55,0,0,20,1038250.0000000014,20000,settle,0.0,-2615100.0
1548806400000.0,1310.7,20,0,0,1038250.0000000014,0,buy_close,0.0,6300.0
1548806400000.0,1310.7,5,5,0,1038200.0000000014,5000,buy_open,655350.0,6300.0
1548806400000.0,1310.7,0,5,0,1044500.0000000014,5000,settle,655350.0,-0.0
1548892800000.0,1323.25,5,0,0,1044500.0000000014,0,sell_close,-6275.0,-0.0
1548892800000.0,1323.25,5,0,5,1044450.0000000014,5000,sell_open,-6275.0,-661625.0
1548892800000.0,1323.25,0,0,5,1050725.0000000014,5000,settle,0.0,-661625.0
1548979200000.0,1318.7,5,0,0,1050725.0000000014,0,buy_close,0.0,-2275.0
1548979200000.0,1318.7,5,5,0,1050675.0000000014,5000,buy_open,659350.0,-2275.0
1548979200000.0,1318.7,0,5,0,1048400.0000000014,5000,settle,659350.0,-0.0
1549238400000.0,1312.15,5,10,0,1048350.0000000014,10000,buy_open,1315425.0,-0.0
1549238400000.0,1312.15,0,10,0,1045075.0000000014,10000,settle,1312150.0,-0.0
1549324800000.0,1314.2,10,0,0,1045075.0000000014,0,sell_close,-2050.0,-0.0
1549324800000.0,1314.2,5,0,5,1045025.0000000014,5000,sell_open,-2050.0,-657100.0
1549324800000.0,1314.2,0,0,5,1047075.0000000014,5000,settle,0.0,-657100.0
1549411200000.0,1312.4,5,0,10,1047025.0000000014,10000,sell_open,0.0,-1313300.0
1549411200000.0,1312.4,0,0,10,1046125.0000000014,10000,settle,0.0,-1312400.0
1549497600000.0,1310.0,5,0,15,1046075.0000000014,15000,sell_open,0.0,-1967400.0
1549497600000.0,1310.0,0,0,15,1043675.0000000014,15000,settle,0.0,-1965000.0
1549584000000.0,1314.85,5,0,20,1043625.0000000014,20000,sell_open,0.0,-2622425.0
1549584000000.0,1314.85,0,0,20,1050900.0000000014,20000,settle,0.0,-2629700.0
1549843200000.0,1306.4,20,0,0,1050900.0000000014,0,buy_close,0.0,-16900.0
1549843200000.0,1306.4,5,5,0,1050850.0000000014,5000,buy_open,653200.0,-16900.0
1549843200000.0,1306.4,0,5,0,1033950.0000000014,5000,settle,653200.0,-0.0
1549929600000.0,1310.0,5,0,0,1033950.0000000014,0,sell_close,-1800.0,-0.0
1549929600000.0,1310.0,5,0,5,1033900.0000000014,5000,sell_open,-1800.0,-655000.0
1549929600000.0,1310.0,0,0,5,1035700.0000000014,5000,settle,0.0,-655000.0
1550016000000.0,1312.8,5,0,10,1035650.0000000014,10000,sell_open,0.0,-1311400.0
1550016000000.0,1312.8,0,0,10,1037050.0000000014,10000,settle,0.0,-1312800.0
1550102400000.0,1311.45,5,0,15,1037000.0000000014,15000,sell_open,0.0,-1968525.0
1550102400000.0,1311.45,0,0,15,1035650.0000000014,15000,settle,0.0,-1967175.0
1550188800000.0,1316.55,5,0,20,1035600.0000000014,20000,sell_open,0.0,-2625450.0
1550188800000.0,1316.55,0,0,20,1043250.0000000014,20000,settle,0.0,-2633100.0
1550448000000.0,1325.5,5,0,25,1043200.0000000014,25000,sell_open,0.0,-3295850.0
1550448000000.0,1325.5,0,0,25,1061100.0000000014,25000,settle,0.0,-3313750.0
1550534400000.0,1334.15,5,0,30,1061050.0000000014,30000,sell_open,0.0,-3980825.0
1550534400000.0,1334.15,0,0,30,1082675.0000000014,30000,settle,0.0,-4002450.0
1550620800000.0,1343.75,5,0,35,1082625.0000000014,35000,sell_open,0.0,-4674325.0
1550620800000.0,1343.75,0,0,35,1111425.0000000014,35000,settle,0.0,-4703125.0
1550707200000.0,1331.25,5,0,40,1111375.0000000014,40000,sell_open,0.0,-5368750.0
1550707200000.0,1331.25,0,0,40,1067625.0000000014,40000,settle,0.0,-5325000.0
1550793600000.0,1329.05,40,0,0,1067625.0000000014,0,buy_close,0.0,-8800.0
1550793600000.0,1329.05,5,5,0,1067575.0000000014,5000,buy_open,664525.0,-8800.0
1550793600000.0,1329.05,0,5,0,1058775.0000000014,5000,settle,664525.0,-0.0
1551052800000.0,1331.05,5,0,0,1058775.0000000014,0,sell_close,-1000.0,-0.0
1551052800000.0,1331.05,5,0,5,1058725.0000000014,5000,sell_open,-1000.0,-665525.0
1551052800000.0,1331.05,0,0,5,1059725.0000000014,5000,settle,0.0,-665525.0
1551139200000.0,1325.05,5,0,0,1059725.0000000014,0,buy_close,0.0,-3000.0
1551139200000.0,1325.05,5,5,0,1059675.0000000014,5000,buy_open,662525.0,-3000.0
1551139200000.0,1325.05,0,5,0,1056675.0000000014,5000,settle,662525.0,-0.0
1551225600000.0,1322.85,5,10,0,1056625.0000000014,10000,buy_open,1323950.0,-0.0
1551225600000.0,1322.85,0,10,0,1055525.0000000014,10000,settle,1322850.0,-0.0
1551312000000.0,1319.15,5,15,0,1055475.0000000014,15000,buy_open,1982425.0,-0.0
1551312000000.0,1319.15,0,15,0,1051775.0000000014,15000,settle,1978725.0,-0.0
1551398400000.0,1311.95,5,20,0,1051725.0000000014,20000,buy_open,2634700.0,-0.0
1551398400000.0,1311.95,0,20,0,1040925.0000000014,20000,settle,2623900.0,-0.0
1551657600000.0,1285.4,5,25,0,1040875.0000000014,25000,buy_open,3266600.0,-0.0
1551657600000.0,1285.4,0,25,0,987775.0000000019,25000,settle,3213500.0000000005,-0.0
1551744000000.0,1283.8,5,30,0,987725.0000000019,30000,buy_open,3855400.0000000005,-0.0
1551744000000.0,1283.8,0,30,0,983725.0000000014,30000,settle,3851400.0,-0.0
1551830400000.0,1285.85,30,0,0,983725.0000000014,0,sell_close,-6150.0,-0.0
1551830400000.0,1285.85,5,0,5,983675.0000000014,5000,sell_open,-6150.0,-642925.0
1551830400000.0,1285.85,0,0,5,989825.0000000014,5000,settle,0.0,-642925.0
1551916800000.0,1285.3,5,0,0,989825.0000000014,0,buy_close,0.0,-275.0
1551916800000.0,1285.3,5,5,0,989775.0000000014,5000,buy_open,642650.0,-275.0
1551916800000.0,1285.3,0,5,0,989500.0000000014,5000,settle,642650.0,-0.0
1552003200000.0,1296.75,5,0,0,989500.0000000014,0,sell_close,-5725.0,-0.0
1552003200000.0,1296.75,5,0,5,989450.0000000014,5000,sell_open,-5725.0,-648375.0
1552003200000.0,1296.75,0,0,5,995175.0000000014,5000,settle,0.0,-648375.0
1552262400000.0,1292.75,5,0,10,995125.0000000014,10000,sell_open,0.0,-1294750.0
1552262400000.0,1292.75,0,0,10,993125.0000000014,10000,settle,0.0,-1292750.0
1552348800000.0,1297.05,10,0,0,993125.0000000014,0,buy_close,0.0,4300.0
1552348800000.0,1297.05,5,5,0,993075.0000000014,5000,buy_open,648525.0,4300.0
1552348800000.0,1297.05,0,5,0,997375.0000000014,5000,settle,648525.0,-0.0
1552435200000.0,1306.95,5,0,0,997375.0000000014,0,sell_close,-4950.0,-0.0
1552435200000.0,1306.95,5,0,5,997325.0000000014,5000,sell_open,-4950.0,-653475.0
1552435200000.0,1306.95,0,0,5,1002275.0000000014,5000,settle,0.0,-653475.0
1552521600000.0,1295.55,5,0,10,1002225.0000000014,10000,sell_open,0.0,-1301250.0
1552521600000.0,1295.55,0,0,10,996525.0000000014,10000,settle,0.0,-1295550.0
1552608000000.0,1303.5,5,0,15,996475.0000000014,15000,sell_open,0.0,-1947300.0
1552608000000.0,1303.5,0,0,15,1004425.0000000014,15000,settle,0.0,-1955250.0
1552867200000.0,1305.6,5,0,20,1004375.0000000014,20000,sell_open,0.0,-2608050.0
1552867200000.0,1305.6,0,0,20,1007525.0000000014,20000,settle,0.0,-2611200.0
1552953600000.0,1307.7,20,0,0,1007525.0000000014,0,buy_close,0.0,4200.0
1552953600000.0,1307.7,5,5,0,1007475.0000000014,5000,buy_open,653850.0,4200.0
1552953600000.0,1307.7,0,5,0,1011675.0000000014,5000,settle,653850.0,-0.0
1553040000000.0,1303.7,5,10,0,1011625.0000000014,10000,buy_open,1305700.0,-0.0
1553040000000.0,1303.7,0,10,0,1009625.0000000014,10000,settle,1303700.0,-0.0
1553126400000.0,1309.6,10,0,0,1009625.0000000014,0,sell_close,-5900.0,-0.0
1553126400000.0,1309.6,5,0,5,1009575.0000000014,5000,sell_open,-5900.0,-654800.0
1553126400000.0,1309.6,0,0,5,1015475.0000000014,5000,settle,0.0,-654800.0
1553212800000.0,1311.3,5,0,10,1015425.0000000014,10000,sell_open,0.0,-1310450.0
1553212800000.0,1311.3,0,0,10,1016275.0000000014,10000,settle,0.0,-1311300.0
1553472000000.0,1319.55,5,0,15,1016225.0000000014,15000,sell_open,0.0,-1971075.0
1553472000000.0,1319.55,0,0,15,1024475.0000000014,15000,settle,0.0,-1979325.0
1553558400000.0,1316.3,15,0,0,1024475.0000000014,0,buy_close,0.0,-4875.0
1553558400000.0,1316.3,5,5,0,1024425.0000000014,5000,buy_open,658150.0,-4875.0
1553558400000.0,1316.3,0,5,0,1019550.0000000014,5000,settle,658150.0,-0.0
1553644800000.0,1309.7,5,10,0,1019500.0000000014,10000,buy_open,1313000.0,-0.0
1553644800000.0,1309.7,0,10,0,1016200.0000000014,10000,settle,1309700.0,-0.0
1553731200000.0,1295.15,10,0,0,1016200.0000000014,0,sell_close,14550.0,-0.0
1553731200000.0,1295.15,5,0,5,1016150.0000000014,5000,sell_open,14550.0,-647575.0
1553731200000.0,1295.15,0,0,5,1001600.0000000014,5000,settle,0.0,-647575.0
1553817600000.0,1295.4,5,0,10,1001550.0000000014,10000,sell_open,0.0,-1295275.0
1553817600000.0,1295.4,0,0,10,1001675.0000000014,10000,settle,0.0,-1295400.0
1554076800000.0,1293.5,10,0,0,1001675.0000000014,0,buy_close,0.0,-1900.0
1554076800000.0,1293.5,5,5,0,1001625.0000000014,5000,buy_open,646750.0,-1900.0
1554076800000.0,1293.5,0,5,0,999725.0000000014,5000,settle,646750.0,-0.0
1554163200000.0,1290.3,5,10,0,999675.0000000014,10000,buy_open,1291900.0,-0.0
1554163200000.0,1290.3,0,10,0,998075.0000000014,10000,settle,1290300.0,-0.0
1554249600000.0,1290.45,10,0,0,998075.0000000014,0,sell_close,-150.0,-0.0
1554249600000.0,1290.45,5,0,5,998025.0000000014,5000,sell_open,-150.0,-645225.0
1554249600000.0,1290.45,0,0,5,998175.0000000014,5000,settle,0.0,-645225.0
1554336000000.0,1283.15,5,0,0,998175.0000000014,0,buy_close,0.0,-3650.0
1554336000000.0,1283.15,5,5,0,998125.0000000014,5000,buy_open,641575.0,-3650.0
1554336000000.0,1283.15,0,5,0,994475.0000000014,5000,settle,641575.0,-0.0
1554422400000.0,1288.45,5,0,0,994475.0000000014,0,sell_close,-2650.0,-0.0
1554422400000.0,1288.45,5,0,5,994425.0000000014,5000,sell_open,-2650.0,-644225.0
1554422400000.0,1288.45,0,0,5,997075.0000000014,5000,settle,0.0,-644225.0
1554681600000.0,1300.0,5,0,0,997075.0000000014,0,buy_close,0.0,5775.0
1554681600000.0,1300.0,5,5,0,997025.0000000014,5000,buy_open,650000.0,5775.0
1554681600000.0,1300.0,0,5,0,1002800.0000000014,5000,settle,650000.0,-0.0
1554768000000.0,1303.0,5,0,0,1002800.0000000014,0,sell_close,-1500.0,-0.0
1554768000000.0,1303.0,5,0,5,1002750.0000000014,5000,sell_open,-1500.0,-651500.0
1554768000000.0,1303.0,0,0,5,1004250.0000000014,5000,settle,0.0,-651500.0
1554854400000.0,1305.45,5,0,0,1004250.0000000014,0,buy_close,0.0,1225.0
1554854400000.0,1305.45,5,5,0,1004200.0000000014,5000,buy_open,652725.0,1225.0
1554854400000.0,1305.45,0,5,0,1005425.0000000014,5000,settle,652725.0,-0.0
1554940800000.0,1298.8,5,10,0,1005375.0000000014,10000,buy_open,1302125.0,-0.0
1554940800000.0,1298.8,0,10,0,1002050.0000000014,10000,settle,1298800.0,-0.0
1555027200000.0,1294.3,5,15,0,1002000.0000000014,15000,buy_open,1945950.0,-0.0
1555027200000.0,1294.3,0,15,0,997500.0000000014,15000,settle,1941450.0,-0.0
1555286400000.0,1285.65,5,20,0,997450.0000000014,20000,buy_open,2584275.0,-0.0
1555286400000.0,1285.65,0,20,0,984475.0000000014,20000,settle,2571300.0,-0.0
1555372800000.0,1276.35,20,0,0,984475.0000000014,0,sell_close,18600.0,-0.0
1555372800000.0,1276.35,5,0,5,984425.0000000014,5000,sell_open,18600.0,-638175.0
1555372800000.0,1276.35,0,0,5,965825.0000000014,5000,settle,0.0,-638175.0
1555459200000.0,1275.85,5,0,0,965825.0000000014,0,buy_close,0.0,-250.0
1555459200000.0,1275.85,5,5,0,965775.0000000014,5000,buy_open,637925.0,-250.0
1555459200000.0,1275.85,0,5,0,965525.0000000014,5000,settle,637925.0,-0.0
1555545600000.0,1275.7,5,10,0,965475.0000000014,10000,buy_open,1275775.0,-0.0
1555545600000.0,1275.7,0,10,0,965400.0000000014,10000,settle,1275700.0,-0.0
1555891200000.0,1275.7,10,0,0,965400.0000000014,0,sell_close,0.0,-0.0
1555891200000.0,1275.7,5,0,5,965350.0000000014,5000,sell_open,0.0,-637850.0
1555891200000.0,1275.7,0,0,5,965350.0000000014,5000,settle,0.0,-637850.0
1555977600000.0,1269.5,5,0,0,965350.0000000014,0,buy_close,0.0,-3100.0
1555977600000.0,1269.5,5,5,0,965300.0000000014,5000,buy_open,634750.0,-3100.0
1555977600000.0,1269.5,0,5,0,962200.0000000014,5000,settle,634750.0,-0.0
1556064000000.0,1271.65,5,0,0,962200.0000000014,0,sell_close,-1075.0,-0.0
1556064000000.0,1271.65,5,0,5,962150.0000000014,5000,sell_open,-1075.0,-635825.0
1556064000000.0,1271.65,0,0,5,963225.0000000014,5000,settle,0.0,-635825.0
1556150400000.0,1280.8,5,0,10,963175.0000000014,10000,sell_open,0.0,-1276225.0
1556150400000.0,1280.8,0,0,10,967750.0000000014,10000,settle,0.0,-1280800.0
1556236800000.0,1284.2,5,0,15,967700.0000000014,15000,sell_open,0.0,-1922900.0
1556236800000.0,1284.2,0,0,15,971100.0000000014,15000,settle,0.0,-1926300.0
1556496000000.0,1279.5,15,0,0,971100.0000000014,0,buy_close,0.0,-7050.0
1556496000000.0,1279.5,5,5,0,971050.0000000014,5000,buy_open,639750.0,-7050.0
1556496000000.0,1279.5,0,5,0,964000.0000000014,5000,settle,639750.0,-0.0
1556582400000.0,1282.3,5,0,0,964000.0000000014,0,sell_close,-1400.0,-0.0
1556582400000.0,1282.3,5,0,5,963950.0000000014,5000,sell_open,-1400.0,-641150.0
1556582400000.0,1282.3,0,0,5,965350.0000000014,5000,settle,0.0,-641150.0
1556668800000.0,1283.8,5,0,10,965300.0000000014,10000,sell_open,0.0,-1283050.0
1556668800000.0,1283.8,0,0,10,966050.0000000014,10000,settle,0.0,-1283800.0
1556755200000.0,1270.95,10,0,0,966050.0000000014,0,buy_close,0.0,-12850.0
1556755200000.0,1270.95,5,5,0,966000.0000000014,5000,buy_open,635475.0,-12850.0
1556755200000.0,1270.95,0,5,0,953150.0000000014,5000,settle,635475.0,-0.0
1556841600000.0,1278.55,5,0,0,953150.0000000014,0,sell_close,-3800.0,-0.0
1556841600000.0,1278.55,5,0,5,953100.0000000014,5000,sell_open,-3800.0,-639275.0
1556841600000.0,1278.55,0,0,5,956900.0000000014,5000,settle,0.0,-639275.0
1557100800000.0,1278.55,5,0,0,956900.0000000014,0,buy_close,0.0,0.0
1557100800000.0,1278.55,5,5,0,956850.0000000014,5000,buy_open,639275.0,0.0
1557100800000.0,1278.55,0,5,0,956850.0000000014,5000,settle,639275.0,-0.0
1557187200000.0,1281.2,5,0,0,956850.0000000014,0,sell_close,-1325.0,-0.0
1557187200000.0,1281.2,5,0,5,956800.0000000014,5000,sell_open,-1325.0,-640600.0
1557187200000.0,1281.2,0,0,5,958125.0000000014,5000,settle,0.0,-640600.0
1557273600000.0,1285.2,5,0,10,958075.0000000014,10000,sell_open,0.0,-1283200.0
1557273600000.0,1285.2,0,0,10,960075.0000000014,10000,settle,0.0,-1285200.0
1557360000000.0,1286.1,10,0,0,960075.0000000014,0,buy_close,0.0,900.0
1557360000000.0,1286.1,5,5,0,960025.0000000014,5000,buy_open,643050.0,900.0
1557360000000.0,1286.1,0,5,0,960925.0000000014,5000,settle,643050.0,-0.0
1557446400000.0,1287.1,5,0,0,960925.0000000014,0,sell_close,-500.0,-0.0
1557446400000.0,1287.1,5,0,5,960875.0000000014,5000,sell_open,-500.0,-643550.0
1557446400000.0,1287.1,0,0,5,961375.0000000014,5000,settle,0.0,-643550.0
1557705600000.0,1295.6,5,0,10,961325.0000000014,10000,sell_open,0.0,-1291350.0
1557705600000.0,1295.6,0,0,10,965575.0000000014,10000,settle,0.0,-1295600.0
1557792000000.0,1298.4,5,0,15,965525.0000000014,15000,sell_open,0.0,-1944800.0
1557792000000.0,1298.4,0,0,15,968325.0000000014,15000,settle,0.0,-1947600.0
1557878400000.0,1299.1,5,0,20,968275.0000000014,20000,sell_open,0.0,-2597150.0
1557878400000.0,1299.1,0,0,20,969325.0000000014,20000,settle,0.0,-2598200.0
1557964800000.0,1291.7,20,0,0,969325.0000000014,0,buy_close,0.0,-14800.0
1557964800000.0,1291.7,5,5,0,969275.0000000014,5000,buy_open,645850.0,-14800.0
1557964800000.0,1291.7,0,5,0,954475.0000000014,5000,settle,645850.0,-0.0
1558051200000.0,1280.8,5,10,0,954425.0000000014,10000,buy_open,1286250.0,-0.0
1558051200000.0,1280.8,0,10,0,948975.0000000014,10000,settle,1280800.0,-0.0
1558310400000.0,1276.85,10,0,0,948975.0000000014,0,sell_close,3950.0,-0.0
1558310400000.0,1276.85,5,0,5,948925.0000000014,5000,sell_open,3950.0,-638425.0
1558310400000.0,1276.85,0,0,5,944975.0000000014,5000,settle,0.0,-638425.0
1558396800000.0,1271.15,5,0,10,944925.0000000014,10000,sell_open,0.0,-1274000.0
1558396800000.0,1271.15,0,0,10,942075.0000000014,10000,settle,0.0,-1271150.0
1558483200000.0,1273.8,5,0,15,942025.0000000014,15000,sell_open,0.0,-1908050.0
1558483200000.0,1273.8,0,0,15,944675.0000000014,15000,settle,0.0,-1910700.0
1558569600000.0,1283.65,5,0,20,944625.0000000014,20000,sell_open,0.0,-2552525.0
1558569600000.0,1283.65,0,0,20,959400.0000000014,20000,settle,0.0,-2567300.0
1558656000000.0,1282.5,5,0,25,959350.0000000014,25000,sell_open,0.0,-3208550.0
1558656000000.0,1282.5,0,0,25,957050.0000000014,25000,settle,0.0,-3206250.0
1559001600000.0,1278.3,25,0,0,957050.0000000014,0,buy_close,0.0,-10500.0
1559001600000.0,1278.3,5,5,0,957000.0000000014,5000,buy_open,639150.0,-10500.0
1559001600000.0,1278.3,0,5,0,946500.0000000014,5000,settle,639150.0,-0.0
1559088000000.0,1281.65,5,0,0,946500.0000000014,0,sell_close,-1675.0,-0.0
1559088000000.0,1281.65,5,0,5,946450.0000000014,5000,sell_open,-1675.0,-640825.0
1559088000000.0,1281.65,0,0,5,948125.0000000014,5000,settle,0.0,-640825.0
1559174400000.0,1280.95,5,0,0,948125.0000000014,0,buy_close,0.0,-350.0
1559174400000.0,1280.95,5,5,0,948075.0000000014,5000,buy_open,640475.0,-350.0
1559174400000.0,1280.95,0,5,0,947725.0000000014,5000,settle,640475.0,-0.0
1559260800000.0,1295.55,5,0,0,947725.0000000014,0,sell_close,-7300.0,-0.0
1559260800000.0,1295.55,5,0,5,947675.0000000014,5000,sell_open,-7300.0,-647775.0
1559260800000.0,1295.55,0,0,5,954975.0000000014,5000,settle,0.0,-647775.0
1559520000000.0,1317.1,5,0,10,954925.0000000014,10000,sell_open,0.0,-1306325.0
1559520000000.0,1317.1,0,0,10,965700.0000000014,10000,settle,0.0,-1317100.0
1559606400000.0,1324.25,5,0,15,965650.0000000014,15000,sell_open,0.0,-1979225.0
1559606400000.0,1324.25,0,0,15,972800.0000000014,15000,settle,0.0,-1986375.0
1559692800000.0,1335.05,5,0,20,972750.0000000014,20000,sell_open,0.0,-2653900.0
1559692800000.0,1335.05,0,0,20,988950.0000000014,20000,settle,0.0,-2670100.0
1559779200000.0,1335.5,5,0,25,988900.0000000014,25000,sell_open,0.0,-3337850.0
1559779200000.0,1335.5,0,0,25,989800.0000000014,25000,settle,0.0,-3338750.0
1559865600000.0,1340.65,25,0,0,989800.0000000014,0,buy_close,0.0,12875.0
1559865600000.0,1340.65,5,5,0,989750.0000000014,5000,buy_open,670325.0,12875.0
1559865600000.0,1340.65,0,5,0,1002625.0000000014,5000,settle,670325.0,-0.0
1560124800000.0,1328.6,5,10,0,1002575.0000000014,10000,buy_open,1334625.0,-0.0
1560124800000.0,1328.6,0,10,0,996550.0000000014,10000,settle,1328600.0,-0.0
1560211200000.0,1324.3,10,0,0,996550.0000000014,0,sell_close,4300.0,-0.0
1560211200000.0,1324.3,5,0,5,996500.0000000014,5000,sell_open,4300.0,-662150.0
1560211200000.0,1324.3,0,0,5,992200.0000000014,5000,settle,0.0,-662150.0
1560297600000.0,1332.35,5,0,10,992150.0000000014,10000,sell_open,0.0,-1328325.0
1560297600000.0,1332.35,0,0,10,996175.0000000014,10000,settle,0.0,-1332350.0
1560384000000.0,1335.9,5,0,15,996125.0000000014,15000,sell_open,0.0,-2000300.0
1560384000000.0,1335.9,0,0,15,999675.0000000014,15000,settle,0.0,-2003850.0
1560470400000.0,1351.25,5,0,20,999625.0000000014,20000,sell_open,0.0,-2679475.0
1560470400000.0,1351.25,0,0,20,1022650.0000000014,20000,settle,0.0,-2702500.0
1560729600000.0,1341.3,5,0,25,1022600.0000000014,25000,sell_open,0.0,-3373150.0
1560729600000.0,1341.3,0,0,25,1002700.0000000014,25000,settle,0.0,-3353250.0
1560816000000.0,1341.35,5,0,30,1002650.0000000014,30000,sell_open,0.0,-4023925.0
1560816000000.0,1341.35,0,0,30,1002775.0000000014,30000,settle,0.0,-4024050.0
1560902400000.0,1344.05,5,0,35,1002725.0000000014,35000,sell_open,0.0,-4696075.0
1560902400000.0,1344.05,0,0,35,1010825.0000000014,35000,settle,0.0,-4704175.0
1560988800000.0,1379.5,5,0,40,1010775.0000000014,40000,sell_open,0.0,-5393925.0
1560988800000.0,1379.5,0,0,40,1134850.0000000014,40000,settle,0.0,-5518000.0
